study,case,h,eps_rel,eta,status,censored,failure_step,failure_message,B0,B1,E2,K_modes,K_tightened,Linf_rel,delta_nom,delta_real,eps_abs,forward_residual,gate_eps_floor,gate_tightened,mass_change_rel,mass_error_rel,mass_reconstruction,max_abs_score,min_raw_density,min_reconstruction,min_regularized_denominator,negative_fraction,negative_mass_removed,tightened_max_change,tv_reconstruction,tv_reference
bandwidth_clean,C1,0.005,1e-08,0.0,completed,False,,,1.5165968367298789e-13,2.474784898413212e-10,0.6103465865726054,511,547,1.5223470542670996,nan,nan,1e-08,0.08107032150284703,True,True,nan,2.220446049250313e-16,1.0000000000000002,295.9755706620701,0.2547046759773083,0.025603948969163626,0.2547046859773083,nan,nan,8.327010138228545e-13,135.01125202538282,2.9999151839096183
bandwidth_clean,C1,0.007,1e-08,0.0,completed,False,,,1.0544576542023019e-13,1.229522131188239e-10,0.643154650260973,365,391,1.4202412321651923,nan,nan,1e-08,0.07776382724266712,True,True,nan,6.661338147750939e-16,1.0000000000000007,211.7540757623457,0.2349057657183512,0.003855226868315742,0.2349057757183512,nan,nan,3.413651654252702e-11,98.86009745425795,2.9999151839096183
bandwidth_clean,C1,0.01,1e-08,0.0,completed,False,,,8.0548911221889e-14,6.56596761882447e-11,0.5682527019741203,255,273,1.0401704974595174,nan,nan,1e-08,0.06961706471459103,True,True,nan,6.661338147750939e-16,1.0000000000000007,148.05241619034106,0.1834005661613305,0.01689442425093124,0.1834005761613305,nan,nan,1.1290141238037777e-11,66.56282761230592,2.9999151839096183
bandwidth_clean,C1,0.014,1e-08,0.0,completed,False,,,5.731793965352897e-14,3.3375301724555856e-11,0.6365325146762892,182,195,1.2299320567827692,nan,nan,1e-08,0.0535973584463791,True,True,nan,2.220446049250313e-16,1.0000000000000002,106.85848108657297,0.2340736577051159,0.027267689408184692,0.2340736677051159,nan,nan,8.851892631259946e-11,50.56296065141939,2.9999151839096183
bandwidth_clean,C1,0.02,1e-08,0.0,completed,False,,,4.527748955587053e-14,1.8422419227263928e-11,0.37813172575664533,127,136,0.4642905021683321,nan,nan,1e-08,0.00940300062450022,True,True,nan,2.220446049250313e-16,1.0000000000000002,69.96661013242131,0.20030635448805534,0.13371204098760903,0.20030636448805533,nan,nan,1.0944381604434711e-14,24.939648378331515,2.9999151839096183
bandwidth_clean,C1,0.028,1e-08,0.0,completed,False,,,2.3493682586632454e-14,6.8608788925881825e-12,0.02525093449851037,91,98,0.04214265474814915,nan,nan,1e-08,0.009280501703243968,True,True,nan,4.440892098500626e-16,1.0000000000000004,5.3299676374946845,0.5634184432806449,0.5631877761745436,0.563418453280645,nan,nan,2.0327994111885198e-16,2.7345327614854336,2.9999151839096183
bandwidth_clean,C1,0.04,1e-08,0.0,completed,False,,,2.819778764045183e-14,5.719573996132623e-12,0.04354201080371066,63,68,0.05607711097615549,nan,nan,1e-08,0.01808391734222744,True,True,nan,4.440892098500626e-16,1.0000000000000004,4.476349158456673,0.5844039219862414,0.5841193055788925,0.5844039319862414,nan,nan,2.2450214550582995e-16,2.5982372834228897,2.9999151839096183
bandwidth_clean,C2,0.005,1e-08,0.0,completed,False,,,1.5165968367298789e-13,2.474784898413212e-10,0.7552459758236816,511,547,2.1189978905020435,nan,nan,1e-08,0.035545154791466554,True,True,nan,2.220446049250313e-16,1.0000000000000002,310.77337271348307,0.21837707108209736,0.01144993182263676,0.21837708108209736,nan,nan,2.0999973292087758e-11,143.81998935143753,0.9999866341975909
bandwidth_clean,C2,0.007,1e-08,0.0,completed,False,,,1.0544576542023019e-13,1.229522131188239e-10,0.676431302750148,365,391,1.5400393001550654,nan,nan,1e-08,0.033301684486767895,True,True,nan,4.440892098500626e-16,1.0000000000000004,194.94804798232454,0.2570870530067567,0.023276406935477167,0.2570870630067567,nan,nan,1.2123434096285706e-11,98.74603579921555,0.9999866341975909
bandwidth_clean,C2,0.01,1e-08,0.0,completed,False,,,8.0548911221889e-14,6.56596761882447e-11,0.6213677223074628,255,273,1.3794968891361004,nan,nan,1e-08,0.02796388228461248,True,True,nan,6.661338147750939e-16,1.0000000000000007,155.64338462240536,0.30921320738361746,0.04518326787235194,0.30921321738361746,nan,nan,8.326869107513593e-13,68.04408517450484,0.9999866341975909
bandwidth_clean,C2,0.014,1e-08,0.0,completed,False,,,5.731793965352897e-14,3.3375301724555856e-11,0.5535550940539022,182,195,0.8921762145226139,nan,nan,1e-08,0.01866649242900169,True,True,nan,2.220446049250313e-16,1.0000000000000002,99.13178395840912,0.23291043811805523,0.05610191829529798,0.23291044811805522,nan,nan,6.319011113348284e-11,48.01813714266481,0.9999866341975909
bandwidth_clean,C2,0.02,1e-08,0.0,completed,False,,,4.527748955587053e-14,1.8422419227263928e-11,0.2408056831938319,127,136,0.4071822330234314,nan,nan,1e-08,0.0011961780871498227,True,True,nan,4.440892098500626e-16,1.0000000000000004,59.24716920465534,0.26265668039094514,0.2588812303819604,0.26265669039094514,nan,nan,4.6905801735666e-15,12.245020085770546,0.9999866341975909
bandwidth_clean,C2,0.028,1e-08,0.0,completed,False,,,2.3493682586632454e-14,6.8608788925881825e-12,0.0030958347245751807,91,98,0.0034972578759036367,nan,nan,1e-08,0.0022225628513901966,True,True,nan,4.440892098500626e-16,1.0000000000000004,1.9935632786397026,0.7032486981450483,0.7031931410967179,0.7032487081450484,nan,nan,2.2433629043955427e-16,0.9855418472436408,0.9999866341975909
bandwidth_clean,C2,0.04,1e-08,0.0,completed,False,,,2.819778764045183e-14,5.719573996132623e-12,0.0062268746160018115,63,68,0.007058932594365638,nan,nan,1e-08,0.004479131695228231,True,True,nan,4.440892098500626e-16,1.0000000000000004,1.9656577898958452,0.7063318004363023,0.7062817301407027,0.7063318104363023,nan,nan,2.4852631515590716e-16,0.9711814308816263,0.9999866341975909
bandwidth_clean,B,0.005,1e-08,0.0,completed,False,,,3.041179429675608e-14,4.9626009652996555e-11,0.5233163003886317,511,547,0.9318962031601918,nan,nan,2.0052655762048596e-09,0.07068858492478136,True,True,nan,1.2457211827942954e-15,0.2005265576204862,313.60361249525516,0.00399992637190541,-1.7208456881689926e-14,0.003999928377170986,nan,nan,4.988708803645309e-11,25.998330185156057,1.9997518452938798
bandwidth_clean,B,0.007,1e-08,0.0,completed,False,,,2.1144676355376034e-14,2.465518404853811e-11,0.6845024478834837,365,391,1.2814690943658036,nan,nan,2.0052655762048596e-09,0.023941678680776804,True,True,nan,2.7682692950984346e-16,0.20052655762048602,248.96271709986135,0.002857090077809321,-7.827072323607354e-15,0.0028570920830748975,nan,nan,5.850547179507707e-13,20.692646112973126,1.9997518452938798
bandwidth_clean,B,0.01,1e-08,0.0,completed,False,,,1.615219588740353e-14,1.3166508840504502e-11,0.028095975370461816,255,273,0.03748684997845702,nan,nan,2.0052655762048596e-09,0.006080701194791101,True,True,nan,4.1524039426476517e-16,0.20052655762048605,97.09794517132869,0.0019999632182269023,-4.718447854656915e-16,0.0019999652234924787,nan,nan,9.773079677767653e-15,2.2283927565810315,1.9997518452938798
bandwidth_clean,B,0.014,1e-08,0.0,completed,False,,,1.1493769128620915e-14,6.6926343643702546e-12,0.01799859282939138,182,195,0.0205402936495419,nan,nan,2.0052655762048596e-09,0.012203683255833476,True,True,nan,2.7682692950984346e-16,0.20052655762048602,53.10978460797082,0.0014285450519324616,-3.3306690738754696e-16,0.0014285470571980378,nan,nan,2.4125327836306326e-15,1.9641985695077628,1.9997518452938798
bandwidth_clean,B,0.02,1e-08,0.0,completed,False,,,9.079339118336223e-15,3.694184310684689e-12,0.03513748879685397,127,136,0.0401580849906364,nan,nan,2.0052655762048596e-09,0.02430175437219804,True,True,nan,2.7682692950984346e-16,0.20052655762048602,48.645298787701506,0.0010490489217517551,-2.0261570199409107e-15,0.0010490509270173313,nan,nan,3.2926614442206373e-15,1.9194735309916737,1.9997518452938798
bandwidth_clean,B,0.028,1e-08,0.0,completed,False,,,4.711107294925761e-15,1.3757884265817602e-12,0.06477993065923542,91,98,0.07343052107059295,nan,nan,2.0052655762048596e-09,0.045434019905870274,True,True,nan,2.7682692950984346e-16,0.20052655762048602,39.17122798858168,0.0017425713442418278,0.0,0.001742573349507404,nan,nan,2.3492691368757797e-15,1.8529110229431487,1.9997518452938798
bandwidth_clean,B,0.04,1e-08,0.0,completed,False,,,5.6544052880532904e-15,1.1469264845001215e-12,0.11823111298359723,63,68,0.13210055708373666,nan,nan,2.0052655762048596e-09,0.08495697211826406,True,True,nan,4.1524039426476517e-16,0.20052655762048605,35.60283829150619,0.0025286761560261994,1.7208456881689926e-15,0.002528678161291776,nan,nan,1.693400797001873e-15,1.7355188952527685,1.9997518452938798
bandwidth_clean,H,0.005,1e-08,0.0,completed,False,,,3.552371234896753e-14,5.796764487941371e-11,0.6469154236155072,511,547,1.2026916610073577,nan,nan,2.3423306371629116e-09,0.0786162259748445,True,True,nan,1.3034510454156833e-15,0.23423306371629146,383.94501455509175,0.017532842526265552,0.0029868134749946873,0.01753284486859619,nan,nan,5.712529785998751e-11,32.79636797197361,2.163557818161837
bandwidth_clean,H,0.007,1e-08,0.0,completed,False,,,2.469888469028987e-14,2.8799473569520488e-11,0.6327742859521777,365,391,0.9217348746030725,nan,nan,2.3423306371629116e-09,0.03268723901528774,True,True,nan,3.554866487497318e-16,0.23423306371629124,222.42626372939336,0.02146870392724437,0.0062224795018487045,0.02146870626957501,nan,nan,7.52156067629707e-14,23.17194211129068,2.163557818161837
bandwidth_clean,H,0.01,1e-08,0.0,completed,False,,,1.8867218254514607e-14,1.5379667116192168e-11,0.0404050265451056,255,273,0.058528020936001,nan,nan,2.3423306371629116e-09,0.009913840674572877,True,True,nan,2.3699109916648787e-16,0.2342330637162912,122.10859429782705,0.02270671862617496,0.007673919281689062,0.0227067209685056,nan,nan,4.813640077223422e-15,2.4791263206751752,2.163557818161837
bandwidth_clean,H,0.014,1e-08,0.0,completed,False,,,1.3425756610951584e-14,7.817599175398334e-12,0.0456178160275058,182,195,0.05933751991269563,nan,nan,2.3423306371629116e-09,0.01836712296242902,True,True,nan,3.554866487497318e-16,0.23423306371629124,24.11001601708253,0.04734294356015692,0.04727219043101377,0.047342945902487554,nan,nan,2.1909722659061092e-16,2.0090685396362185,2.163557818161837
bandwidth_clean,H,0.02,1e-08,0.0,completed,False,,,1.0605485096053929e-14,4.3151396966679395e-12,0.0826660094505037,127,136,0.10853540699046452,nan,nan,2.3423306371629116e-09,0.03471657882759461,True,True,nan,3.554866487497318e-16,0.23423306371629124,22.423220777585527,0.04706575482689712,0.04699992684644644,0.04706575716922776,nan,nan,2.8646250387445545e-16,1.8769869093893619,2.163557818161837
bandwidth_clean,H,0.028,1e-08,0.0,completed,False,,,5.502997250245e-15,1.607044682797365e-12,0.1367112866510541,91,98,0.17857712100477394,nan,nan,2.3423306371629116e-09,0.06075338389714143,True,True,nan,3.554866487497318e-16,0.23423306371629124,20.346245375315352,0.04673444442156521,0.046675851126981444,0.04673444676389585,nan,nan,2.9129154927368764e-16,1.6814682746453653,2.163557818161837
bandwidth_clean,H,0.04,1e-08,0.0,completed,False,,,6.604854189044401e-15,1.3397133402661748e-12,0.21372461327176281,63,68,0.2710198683139058,nan,nan,2.3423306371629116e-09,0.10269015407572886,True,True,nan,2.3699109916648787e-16,0.2342330637162912,17.399327750977655,0.04703215311684247,0.04698912255492582,0.04703215545917311,nan,nan,3.413378623822389e-16,1.3911908948966984,2.163557818161837
bandwidth_clean,Z,0.005,1e-08,0.0,completed,False,,,1.9007722560685668e-14,3.1016828999750384e-11,0.05593592749711445,511,547,0.08252640920588737,nan,nan,1.2533141373069563e-09,0.004277153243350579,True,True,nan,0.0,0.12533141373069562,264.7437114432238,0.002500000026571317,-1.27675647831893e-15,0.002500001279885454,nan,nan,1.929047602696415e-14,2.8266513321983044,1.9993750976460627
bandwidth_clean,Z,0.007,1e-08,0.0,completed,False,,,1.3215666852032748e-14,1.5409774691499977e-11,0.012690718475847688,365,391,0.013174855028463056,nan,nan,1.2533141373069563e-09,0.008082454156791003,True,True,nan,0.0,0.12533141373069562,124.35222215253886,0.0017857142996518527,-7.216449660063518e-16,0.00178571555296599,nan,nan,5.777000297526926e-15,2.0019812528951375,1.9993750976460627
bandwidth_clean,Z,0.01,1e-08,0.0,completed,False,,,1.0095308917907641e-14,8.2292200417724e-12,0.022533016758680992,255,273,0.025813361971774543,nan,nan,1.2533141373069563e-09,0.01620042316393405,True,True,nan,0.0,0.12533141373069562,81.28718684050311,0.001250051574213873,-8.604228440844963e-16,0.0012500528275280103,nan,nan,3.608017702759587e-15,1.9518141311919877,1.9993750976460627
bandwidth_clean,Z,0.014,1e-08,0.0,completed,False,,,7.183738408907484e-15,4.182973748827109e-12,0.042150663543539614,182,195,0.04806346457731112,nan,nan,1.2533141373069563e-09,0.030630806557021547,True,True,nan,0.0,0.12533141373069562,61.963233619893806,0.0015536638711224904,-5.273559366969494e-16,0.0015536651244366277,nan,nan,4.3362049099581955e-15,1.9032782034636337,1.9993750976460627
bandwidth_clean,Z,0.02,1e-08,0.0,completed,False,,,5.674691776214059e-15,2.3089078460925374e-12,0.07955513328151098,127,136,0.0897847918937806,nan,nan,1.2533141373069563e-09,0.05870448221486297,True,True,nan,2.2145745260057766e-16,0.12533141373069565,60.56828965362905,0.002031711696954444,-6.38378239159465e-16,0.0020317129502685815,nan,nan,3.1522328522839005e-15,1.8198616205863356,1.9993750976460627
bandwidth_clean,Z,0.028,1e-08,0.0,completed,False,,,2.9444964523228714e-15,8.598836510431663e-13,0.13794792573299103,91,98,0.15328995077376284,nan,nan,1.2533141373069563e-09,0.10420545198516491,True,True,nan,0.0,0.12533141373069562,54.370354217110545,0.003225046425503031,-2.7755575615628914e-16,0.0032250476788171683,nan,nan,2.0067657983976224e-15,1.6928909873496374,1.9993750976460627
bandwidth_clean,Z,0.04,1e-08,0.0,completed,False,,,3.5340685890557636e-15,7.168422948726259e-13,0.22949389586969768,63,68,0.24927559744771147,nan,nan,1.2533141373069563e-09,0.17971288595588897,True,True,nan,2.2145745260057766e-16,0.12533141373069565,43.93512912595082,0.0070327921575113195,-1.1657341758564144e-15,0.007032793410825457,nan,nan,1.2148673571047149e-15,1.5009796741017805,1.9993750976460627
bandwidth_clean,VB05,0.005,1e-08,0.0,completed,False,,,3.0412347379560456e-14,4.9626912174311843e-11,0.610836885019949,511,547,1.1062016333266371,nan,nan,2.005302044882031e-09,0.08965358726169731,True,True,nan,5.536437902004281e-16,0.2005302044882032,319.3635665560262,0.0040000027987308895,-1.9345636204093353e-14,0.0040000048040329346,nan,nan,3.427589156215839e-11,28.23257539638173,1.9996704939532397
bandwidth_clean,VB05,0.007,1e-08,0.0,completed,False,,,2.1145060902133853e-14,2.465563243899488e-11,0.45949600061885204,365,391,0.7055546380807243,nan,nan,2.005302044882031e-09,0.05499278011896244,True,True,nan,2.7682189510021406e-16,0.20053020448820302,215.0877010312275,0.0028571420382448587,-3.913536161803677e-15,0.0028571440435469038,nan,nan,1.910612460636736e-12,17.70275413583905,1.9996704939532397
bandwidth_clean,VB05,0.01,1e-08,0.0,completed,False,,,1.6152489638627517e-14,1.316674829265791e-11,0.10678214061670037,255,273,0.20550700614736273,nan,nan,2.005302044882031e-09,0.008548120421294953,True,True,nan,2.7682189510021406e-16,0.20053020448820313,127.30621733142343,0.001999999580494155,-1.304512053934559e-15,0.0020000015857962,nan,nan,2.845417855215396e-14,3.1059940220182174,1.9996704939532397
bandwidth_clean,VB05,0.014,1e-08,0.0,completed,False,,,1.1493978159564648e-14,6.692756079680663e-12,0.019015769808495595,182,195,0.021233472887512993,nan,nan,2.005302044882031e-09,0.01183708990410021,True,True,nan,1.3841094755010703e-16,0.20053020448820305,62.33999353477059,0.0014285712399212946,-1.3600232051658168e-15,0.0014285732452233395,nan,nan,3.0966732523270183e-15,1.9701206635901163,1.9996704939532397
bandwidth_clean,VB05,0.02,1e-08,0.0,completed,False,,,9.079504239351197e-15,3.6942514948106404e-12,0.036394458159109855,127,136,0.04147587978680559,nan,nan,2.005302044882031e-09,0.023575544083814647,True,True,nan,2.7682189510021406e-16,0.20053020448820313,49.227642408451956,0.0010745832236829511,-3.885780586188048e-16,0.001074585228984996,nan,nan,3.637218740191905e-15,1.9167864757405861,1.9996704939532397
bandwidth_clean,VB05,0.028,1e-08,0.0,completed,False,,,4.711192973278342e-15,1.3758134472995046e-12,0.06699436634949207,91,98,0.07580534151275449,nan,nan,2.005302044882031e-09,0.04407510571624589,True,True,nan,2.7682189510021406e-16,0.20053020448820313,39.35571029756356,0.0019621460292056914,-7.494005416219807e-16,0.0019621480345077364,nan,nan,1.887233613994868e-15,1.8481319383951371,1.9996704939532397
bandwidth_clean,VB05,0.04,1e-08,0.0,completed,False,,,5.654508121654731e-15,1.1469473430298839e-12,0.12189160049238841,63,68,0.13603199550857226,nan,nan,2.005302044882031e-09,0.08247085362822318,True,True,nan,2.7682189510021406e-16,0.20053020448820313,36.13127942839053,0.002864553776604606,2.0261570199409107e-15,0.002864555781906651,nan,nan,1.6762640022546706e-15,1.7275454682639815,1.9996704939532397
bandwidth_clean,VB09,0.005,1e-08,0.0,completed,False,,,3.041234737956044e-14,4.9626912174311805e-11,0.5507364658508813,511,547,0.9033989521310403,nan,nan,2.0053020448820296e-09,0.10234670352285793,True,True,nan,2.768218951002142e-16,0.2005302044882029,303.9470320309656,0.004000032004378012,-2.1843638009499955e-14,0.0040000340096800575,nan,nan,7.901675381807078e-11,26.73980698059455,1.9996704939532397
bandwidth_clean,VB09,0.007,1e-08,0.0,completed,False,,,2.114506090213384e-14,2.4655632438994865e-11,0.6052203121938201,365,391,1.1112388164965614,nan,nan,2.0053020448820296e-09,0.06485934373222736,True,True,nan,1.384109475501071e-16,0.200530204488203,245.01657381000496,0.0028571420423040006,-6.994405055138486e-15,0.0028571440476060457,nan,nan,4.887561553905362e-13,18.90294040076927,1.9996704939532397
bandwidth_clean,VB09,0.01,1e-08,0.0,completed,False,,,1.6152489638627507e-14,1.3166748292657901e-11,0.24966921419249538,255,273,0.41412056596343466,nan,nan,2.0053020448820296e-09,0.016594433408346404,True,True,nan,4.152328426503213e-16,0.20053020448820288,145.77571254821635,0.002000012594602779,-1.27675647831893e-15,0.002000014599904824,nan,nan,1.9803437876557438e-13,5.961550569741197,1.9996704939532397
bandwidth_clean,VB09,0.014,1e-08,0.0,completed,False,,,1.1493978159564642e-14,6.6927560796806585e-12,0.020357086738281013,182,195,0.021562445661594272,nan,nan,2.0053020448820296e-09,0.011602174528038245,True,True,nan,2.768218951002142e-16,0.2005302044882029,71.23697494560795,0.0014285748483563177,-3.885780586188048e-16,0.0014285768536583625,nan,nan,6.1811361615088495e-15,1.9726520311498534,1.9996704939532397
bandwidth_clean,VB09,0.02,1e-08,0.0,completed,False,,,9.079504239351192e-15,3.694251494810637e-12,0.03700304203865061,127,136,0.04203899097553967,nan,nan,2.0053020448820296e-09,0.02304424798508112,True,True,nan,4.152328426503213e-16,0.20053020448820288,44.81882141594116,0.0011830883136166592,-9.992007221626409e-16,0.001183090318918704,nan,nan,2.906569077797876e-15,1.9157384140411378,1.9996704939532397
bandwidth_clean,VB09,0.028,1e-08,0.0,completed,False,,,4.71119297327834e-15,1.3758134472995038e-12,0.06815030076938086,91,98,0.076987644777067,nan,nan,2.0053020448820296e-09,0.04308435159008557,True,True,nan,2.768218951002142e-16,0.2005302044882029,43.62912701286616,0.0019126079275041674,8.604228440844963e-16,0.0019126099328062123,nan,nan,2.7570087587787096e-15,1.8458615846731778,1.9996704939532397
bandwidth_clean,VB09,0.04,1e-08,0.0,completed,False,,,5.654508121654728e-15,1.146947343029883e-12,0.12398352651698617,63,68,0.13826000465976476,nan,nan,2.0053020448820296e-09,0.0807131468156864,True,True,nan,4.152328426503213e-16,0.20053020448820288,37.94666643029233,0.002736454600846483,2.7755575615628914e-17,0.002736456606148528,nan,nan,1.7028387863934322e-15,1.7231045917104477,1.9996704939532397
bandwidth_clean,VH05,0.005,1e-08,0.0,completed,False,,,3.552432242868104e-14,5.796864040836726e-11,0.5868666299377701,511,547,0.8696210214387248,nan,nan,2.342370864051082e-09,0.08606536886608994,True,True,nan,1.0664416313163834e-15,0.23423708640510846,318.1273860914829,0.02594024232157155,0.003102388037821785,0.025940244663942413,nan,nan,1.0953449737120075e-11,31.315369130283308,2.1633101765552287
bandwidth_clean,VH05,0.007,1e-08,0.0,completed,False,,,2.4699308865791226e-14,2.8799968168013234e-11,0.42410350376338934,365,391,0.7056180654240248,nan,nan,2.342370864051082e-09,0.06043102131710229,True,True,nan,1.1849351459070924e-16,0.23423708640510824,187.99432688011146,0.022504475839779742,0.011234496377774156,0.022504478182150605,nan,nan,8.762661049148441e-14,16.018677388501693,2.1633101765552287
bandwidth_clean,VH05,0.01,1e-08,0.0,completed,False,,,1.8867542277719002e-14,1.53799312446373e-11,0.11782180125053221,255,273,0.20256351829077152,nan,nan,2.342370864051082e-09,0.010179118246047334,True,True,nan,4.73974058362837e-16,0.23423708640510832,129.34317027830497,0.019669066429266607,0.009174071968356318,0.01966906877163747,nan,nan,1.9137049607829983e-14,3.5416138117405334,2.1633101765552287
bandwidth_clean,VH05,0.014,1e-08,0.0,completed,False,,,1.3425987183186442e-14,7.817733433851348e-12,0.0480966883587722,182,195,0.062412551608890234,nan,nan,2.342370864051082e-09,0.016499684424113446,True,True,nan,4.73974058362837e-16,0.23423708640510832,23.88835700653739,0.045762280228416746,0.045641993270252534,0.04576228257078761,nan,nan,2.0682328490315618e-16,1.9955225876172642,2.1633101765552287
bandwidth_clean,VH05,0.02,1e-08,0.0,completed,False,,,1.060566723330483e-14,4.3152138043277475e-12,0.08712317119639779,127,136,0.1141466429437562,nan,nan,2.342370864051082e-09,0.03129999935234662,True,True,nan,4.73974058362837e-16,0.23423708640510832,21.736863372059954,0.04607874206131224,0.04599142851752688,0.046078744403683106,nan,nan,2.9087319163195654e-16,1.8652435019665126,2.1633101765552287
bandwidth_clean,VH05,0.028,1e-08,0.0,completed,False,,,5.5030917580192126e-15,1.6070722819781613e-12,0.1435854300730802,91,98,0.18920237998609624,nan,nan,2.342370864051082e-09,0.05517167564172843,True,True,nan,4.73974058362837e-16,0.23423708640510832,19.635867960523758,0.045843388391546364,0.045765349814630735,0.04584339073391723,nan,nan,2.949318993125705e-16,1.6629329827639077,2.1633101765552287
bandwidth_clean,VH05,0.04,1e-08,0.0,completed,False,,,6.604967619969407e-15,1.3397363483325275e-12,0.22182109705260608,63,68,0.28463975366822525,nan,nan,2.342370864051082e-09,0.09422784988331724,True,True,nan,4.73974058362837e-16,0.23423708640510832,16.799743413101456,0.04623701884023029,0.0461775240645155,0.04623702118260116,nan,nan,3.2054810736549157e-16,1.3703728840120974,2.1633101765552287
bandwidth_clean,VH09,0.005,1e-08,0.0,completed,False,,,3.5524322428678944e-14,5.7968640408363835e-11,0.5728825411091175,511,547,1.1398543583198977,nan,nan,2.3423708640509435e-09,0.08774747531636778,True,True,nan,7.109610875442975e-16,0.23423708640509452,302.78633471501365,0.0211225103669421,0.006281765237554915,0.021122512709312962,nan,nan,1.3716186209539855e-13,25.536580340223907,2.1633101765552287
bandwidth_clean,VH09,0.007,1e-08,0.0,completed,False,,,2.469930886578977e-14,2.879996816801153e-11,0.4637337494310163,365,391,0.8152859709153794,nan,nan,2.3423708640509435e-09,0.06817247823546328,True,True,nan,1.1849351459071627e-16,0.23423708640509439,213.1538876998691,0.012280916282422089,0.002536562451531582,0.012280918624792952,nan,nan,1.8440846070954978e-13,15.074968036527782,2.1633101765552287
bandwidth_clean,VH09,0.01,1e-08,0.0,completed,False,,,1.886754227771789e-14,1.5379931244636393e-11,0.2651490602632825,255,273,0.5518745874714855,nan,nan,2.3423708640509435e-09,0.024265549564298272,True,True,nan,1.1849351459071627e-16,0.23423708640509439,127.03038313214952,0.0280236077442457,0.011393240548592615,0.028023610086616562,nan,nan,1.375877191704403e-13,6.203367718223358,2.1633101765552287
bandwidth_clean,VH09,0.014,1e-08,0.0,completed,False,,,1.342598718318565e-14,7.817733433850885e-12,0.04902116033260002,182,195,0.0638829362064355,nan,nan,2.3423708640509435e-09,0.015362536594191003,True,True,nan,3.5548054377214876e-16,0.23423708640509444,24.428618522379715,0.04507717168599329,0.04493434730834264,0.045077174028364156,nan,nan,2.2078667291757222e-16,1.9930417627669847,2.1633101765552287
bandwidth_clean,VH09,0.02,1e-08,0.0,completed,False,,,1.0605667233304203e-14,4.315213804327493e-12,0.08884791542607977,127,136,0.11591307405756152,nan,nan,2.3423708640509435e-09,0.029242421443347325,True,True,nan,1.1849351459071627e-16,0.23423708640509439,21.38347554379645,0.0456550284208139,0.045559040350193286,0.045655030763184765,nan,nan,2.929599864422355e-16,1.861720681826062,2.1633101765552287
bandwidth_clean,VH09,0.028,1e-08,0.0,completed,False,,,5.503091758018887e-15,1.6070722819780664e-12,0.14692960683749798,91,98,0.19474170702759916,nan,nan,2.3423708640509435e-09,0.05193296359962504,True,True,nan,4.739740583628651e-16,0.23423708640509447,19.194632474281484,0.045488115920065936,0.045400398692470395,0.0454881182624368,nan,nan,2.9288447186544677e-16,1.6553132143285967,2.1633101765552287
bandwidth_clean,VH09,0.04,1e-08,0.0,completed,False,,,6.604967619969018e-15,1.3397363483324481e-12,0.2261755565559697,63,68,0.2927810092825415,nan,nan,2.3423708640509435e-09,0.08975399894549002,True,True,nan,3.5548054377214876e-16,0.23423708640509444,16.421605386817156,0.04587849347632239,0.04581014459079069,0.04587849581869326,nan,nan,3.268188479307807e-16,1.3613661114298212,2.1633101765552287
