study,case,h,eta,seed,arm,status,censored,failure_step,failure_message,B0,B1,E2,K_modes,K_tightened,Linf_rel,delta_nom,delta_real,eps_abs,forward_residual,gate_eps_floor,gate_tightened,mass_change_rel,mass_error_rel,mass_reconstruction,max_abs_score,min_raw_density,min_reconstruction,min_regularized_denominator,negative_fraction,negative_mass_removed,tightened_max_change,tv_reconstruction,tv_reference
noise_paired,C1,0.005,0.0,none,shared,completed,False,,,1.5165968367298789e-13,2.474784898413212e-10,0.6103465865726054,511,547,1.5223470542670996,0.0,0.0,1e-08,0.08107032150284703,True,True,0.0,2.220446049250313e-16,1.0000000000000002,295.9755706620701,0.2547046759773083,0.025603948969163626,0.2547046859773083,0.0,0.0,8.327010138228545e-13,135.01125202538282,2.9999151839096183
noise_paired,C1,0.007,0.0,none,shared,completed,False,,,1.0544576542023019e-13,1.229522131188239e-10,0.643154650260973,365,391,1.4202412321651923,0.0,0.0,1e-08,0.07776382724266712,True,True,0.0,6.661338147750939e-16,1.0000000000000007,211.7540757623457,0.2349057657183512,0.003855226868315742,0.2349057757183512,0.0,0.0,3.413651654252702e-11,98.86009745425795,2.9999151839096183
noise_paired,C1,0.01,0.0,none,shared,completed,False,,,8.0548911221889e-14,6.56596761882447e-11,0.5682527019741203,255,273,1.0401704974595174,0.0,0.0,1e-08,0.06961706471459103,True,True,0.0,6.661338147750939e-16,1.0000000000000007,148.05241619034106,0.1834005661613305,0.01689442425093124,0.1834005761613305,0.0,0.0,1.1290141238037777e-11,66.56282761230592,2.9999151839096183
noise_paired,C1,0.014,0.0,none,shared,completed,False,,,5.731793965352897e-14,3.3375301724555856e-11,0.6365325146762892,182,195,1.2299320567827692,0.0,0.0,1e-08,0.0535973584463791,True,True,0.0,2.220446049250313e-16,1.0000000000000002,106.85848108657297,0.2340736577051159,0.027267689408184692,0.2340736677051159,0.0,0.0,8.851892631259946e-11,50.56296065141939,2.9999151839096183
noise_paired,C1,0.02,0.0,none,shared,completed,False,,,4.527748955587053e-14,1.8422419227263928e-11,0.37813172575664533,127,136,0.4642905021683321,0.0,0.0,1e-08,0.00940300062450022,True,True,0.0,2.220446049250313e-16,1.0000000000000002,69.96661013242131,0.20030635448805534,0.13371204098760903,0.20030636448805533,0.0,0.0,1.0944381604434711e-14,24.939648378331515,2.9999151839096183
noise_paired,C1,0.028,0.0,none,shared,completed,False,,,2.3493682586632454e-14,6.8608788925881825e-12,0.02525093449851037,91,98,0.04214265474814915,0.0,0.0,1e-08,0.009280501703243968,True,True,0.0,4.440892098500626e-16,1.0000000000000004,5.3299676374946845,0.5634184432806449,0.5631877761745436,0.563418453280645,0.0,0.0,2.0327994111885198e-16,2.7345327614854336,2.9999151839096183
noise_paired,C1,0.04,0.0,none,shared,completed,False,,,2.819778764045183e-14,5.719573996132623e-12,0.04354201080371066,63,68,0.05607711097615549,0.0,0.0,1e-08,0.01808391734222744,True,True,0.0,4.440892098500626e-16,1.0000000000000004,4.476349158456673,0.5844039219862414,0.5841193055788925,0.5844039319862414,0.0,0.0,2.2450214550582995e-16,2.5982372834228897,2.9999151839096183
noise_paired,C1,0.005,0.001,0,R,completed,False,,,1.5163991706904942e-13,2.4744623466859824e-10,0.8521074897925615,511,547,1.5966838976509514,0.001193298982343257,0.001251015160802076,9.99869664742404e-09,0.08294146144366009,True,True,0.0,1.1103677446911874e-16,0.999869664742404,347.2296980208658,0.19605224153538592,0.002568969165214763,0.19605225153408257,0.0,0.0,1.4831182177381137e-10,149.93718013546842,2.9999151839096183
noise_paired,C1,0.007,0.001,0,R,completed,False,,,1.0543202211923173e-13,1.2293618811045504e-10,0.7625016304562502,365,391,1.478336994991291,0.001193298982343257,0.001251015160802076,9.99869664742404e-09,0.08097540916497348,True,True,0.0,1.1103677446911874e-16,0.9998696647424038,262.08572301959015,0.12527833923301246,0.003079980626448764,0.1252783492317091,0.0,0.0,1.405279076410725e-11,105.6760573752593,2.9999151839096183
noise_paired,C1,0.01,0.001,0,R,completed,False,,,8.05384128587958e-14,6.565111841743503e-11,0.7544680517033351,255,273,1.5858297765571465,0.001193298982343257,0.001251015160802076,9.99869664742404e-09,0.07678523719800212,True,True,0.0,1.1103677446911874e-16,0.9998696647424038,158.06150637643222,0.16755231078748678,0.006211387795843404,0.16755232078618343,0.0,0.0,1.0153833253558267e-10,74.27226863027138,2.9999151839096183
noise_paired,C1,0.014,0.001,0,R,completed,False,,,5.731046910509935e-14,3.337095174600824e-11,0.7433674431156477,182,195,1.6487172809850066,0.001193298982343257,0.001251015160802076,9.99869664742404e-09,0.06691523740294075,True,True,0.0,1.1103677446911874e-16,0.9998696647424038,125.72104366377876,0.20604496996372235,0.03381655805471373,0.206044979962419,0.0,0.0,7.639349788783411e-11,53.000389236376826,2.9999151839096183
noise_paired,C1,0.02,0.001,0,R,completed,False,,,4.5271588302605955e-14,1.84200181365084e-11,0.5640918203667735,127,136,1.160446384531161,0.001193298982343257,0.001251015160802076,9.99869664742404e-09,0.049267630125013326,True,True,0.0,0.0,0.9998696647424039,71.77327069762624,0.26134670169954,0.16341839747065212,0.26134671169823664,0.0,0.0,1.2364663743078609e-12,32.11486994394897,2.9999151839096183
noise_paired,C1,0.028,0.001,0,R,completed,False,,,2.3490620531460645e-14,6.859984678170382e-12,0.3410186844893634,91,98,0.507120330264494,0.001193298982343257,0.001251015160802076,9.99869664742404e-09,0.014650652205721868,True,True,0.0,1.1103677446911874e-16,0.999869664742404,48.40250934901406,0.1854928451977984,0.17546469820021238,0.18549285519649505,0.0,0.0,3.266023799458193e-15,14.793258459701855,2.9999151839096183
noise_paired,C1,0.04,0.001,0,R,completed,False,,,2.819411247453607e-14,5.718828533982497e-12,0.04381499197779108,63,68,0.06118588035247069,0.001193298982343257,0.001251015160802076,9.99869664742404e-09,0.01811608517447232,True,True,0.0,1.1103677446911874e-16,0.999869664742404,4.7697342208997515,0.5828594602391217,0.5825880452653582,0.5828594702378184,0.0,0.0,2.8218594549566586e-16,2.589353331914655,2.9999151839096183
noise_paired,C1,0.005,0.001,0,P,completed,False,,,1.5163991706904942e-13,2.4744623466859824e-10,0.8521074897925615,511,547,1.5966838976509514,0.001193298982343257,0.001251015160802076,9.99869664742404e-09,0.08294146144366009,True,True,0.0,1.1103677446911874e-16,0.999869664742404,347.2296980208658,0.19605224153538592,0.002568969165214763,0.19605225153408257,0.0,0.0,1.4831182177381137e-10,149.93718013546842,2.9999151839096183
noise_paired,C1,0.007,0.001,0,P,completed,False,,,1.0543202211923173e-13,1.2293618811045504e-10,0.7625016304562502,365,391,1.478336994991291,0.001193298982343257,0.001251015160802076,9.99869664742404e-09,0.08097540916497348,True,True,0.0,1.1103677446911874e-16,0.9998696647424038,262.08572301959015,0.12527833923301246,0.003079980626448764,0.1252783492317091,0.0,0.0,1.405279076410725e-11,105.6760573752593,2.9999151839096183
noise_paired,C1,0.01,0.001,0,P,completed,False,,,8.05384128587958e-14,6.565111841743503e-11,0.7544680517033351,255,273,1.5858297765571465,0.001193298982343257,0.001251015160802076,9.99869664742404e-09,0.07678523719800212,True,True,0.0,1.1103677446911874e-16,0.9998696647424038,158.06150637643222,0.16755231078748678,0.006211387795843404,0.16755232078618343,0.0,0.0,1.0153833253558267e-10,74.27226863027138,2.9999151839096183
noise_paired,C1,0.014,0.001,0,P,completed,False,,,5.731046910509935e-14,3.337095174600824e-11,0.7433674431156477,182,195,1.6487172809850066,0.001193298982343257,0.001251015160802076,9.99869664742404e-09,0.06691523740294075,True,True,0.0,1.1103677446911874e-16,0.9998696647424038,125.72104366377876,0.20604496996372235,0.03381655805471373,0.206044979962419,0.0,0.0,7.639349788783411e-11,53.000389236376826,2.9999151839096183
noise_paired,C1,0.02,0.001,0,P,completed,False,,,4.5271588302605955e-14,1.84200181365084e-11,0.5640918203667735,127,136,1.160446384531161,0.001193298982343257,0.001251015160802076,9.99869664742404e-09,0.049267630125013326,True,True,0.0,0.0,0.9998696647424039,71.77327069762624,0.26134670169954,0.16341839747065212,0.26134671169823664,0.0,0.0,1.2364663743078609e-12,32.11486994394897,2.9999151839096183
noise_paired,C1,0.028,0.001,0,P,completed,False,,,2.3490620531460645e-14,6.859984678170382e-12,0.3410186844893634,91,98,0.507120330264494,0.001193298982343257,0.001251015160802076,9.99869664742404e-09,0.014650652205721868,True,True,0.0,1.1103677446911874e-16,0.999869664742404,48.40250934901406,0.1854928451977984,0.17546469820021238,0.18549285519649505,0.0,0.0,3.266023799458193e-15,14.793258459701855,2.9999151839096183
noise_paired,C1,0.04,0.001,0,P,completed,False,,,2.819411247453607e-14,5.718828533982497e-12,0.04381499197779108,63,68,0.06118588035247069,0.001193298982343257,0.001251015160802076,9.99869664742404e-09,0.01811608517447232,True,True,0.0,1.1103677446911874e-16,0.999869664742404,4.7697342208997515,0.5828594602391217,0.5825880452653582,0.5828594702378184,0.0,0.0,2.8218594549566586e-16,2.589353331914655,2.9999151839096183
noise_paired,C1,0.005,0.001,1,R,completed,False,,,1.5165565067886501e-13,2.4747190879571375e-10,0.7998766873232936,511,547,1.6882211593969034,0.0011931599437888468,0.0011618301521510895,9.999734076055995e-09,0.08245003319608261,True,True,0.0,7.771767842291747e-16,0.9999734076056003,334.30508777729307,0.1534161572223537,0.0037956866805575196,0.15341616722208776,0.0,0.0,1.2414079694611833e-11,144.78400444888626,2.9999151839096183
noise_paired,C1,0.007,0.001,1,R,completed,False,,,1.0544296136484826e-13,1.2294894352508023e-10,0.8146614807686047,365,391,1.5429249409062424,0.0011931599437888468,0.0011618301521510895,9.999734076055995e-09,0.08129672756113272,True,True,0.0,5.551262744494105e-16,0.9999734076056,293.0767344497284,0.10709045756642521,0.013062160786794896,0.1070904675661593,0.0,0.0,5.219059148779936e-10,108.68285651004751,2.9999151839096183
noise_paired,C1,0.01,0.001,1,R,completed,False,,,8.054676923347326e-14,6.56579301402393e-11,0.7086000085484015,255,273,1.4127699353480652,0.0011931599437888468,0.0011618301521510895,9.999734076055995e-09,0.07773870066339873,True,True,0.0,2.220505097797642e-16,0.9999734076055997,144.5757999991298,0.2698004967148272,0.021359529610054162,0.2698005067145613,0.0,0.0,3.100419574332171e-12,70.93291881666879,2.9999151839096183
noise_paired,C1,0.014,0.001,1,R,completed,False,,,5.731641543227148e-14,3.3374414195369164e-11,0.6537460713093904,182,195,1.1655403368018713,0.0011931599437888468,0.0011618301521510895,9.999734076055995e-09,0.06645597560091498,True,True,0.0,4.441010195595284e-16,0.9999734076055999,112.45702889444236,0.23027837223800218,0.07860186508792211,0.23027838223773625,0.0,0.0,1.2557281372473084e-11,51.01390398963666,2.9999151839096183
noise_paired,C1,0.02,0.001,1,R,completed,False,,,4.52762855190108e-14,1.8421929331026025e-11,0.6766702405518412,127,136,1.4234804123633973,0.0011931599437888468,0.0011618301521510895,9.999734076055995e-09,0.048140589464916034,True,True,0.0,3.330757646696463e-16,0.9999734076055998,90.92092399991506,0.13961195451697606,0.04864098640944692,0.13961196451671012,0.0,0.0,2.9791659424565557e-12,35.655886061795535,2.9999151839096183
noise_paired,C1,0.028,0.001,1,R,completed,False,,,2.349305783335919e-14,6.860696445390737e-12,0.2678596616910579,91,98,0.412762279040405,0.0011931599437888468,0.0011618301521510895,9.999734076055995e-09,0.011979234014329408,True,True,0.0,3.330757646696463e-16,0.9999734076055998,45.853661579046914,0.1632812249135498,0.16165030455841245,0.16328123491328386,0.0,0.0,7.515778748073242e-15,11.618019599889362,2.9999151839096183
noise_paired,C1,0.04,0.001,1,R,completed,False,,,2.8197037793761675e-14,5.719421898965115e-12,0.04353192016561516,63,68,0.054703761280120985,0.0011931599437888468,0.0011618301521510895,9.999734076055995e-09,0.018116623268260332,True,True,0.0,3.330757646696463e-16,0.9999734076055998,4.503198405905669,0.5789688355164575,0.5786865504855816,0.5789688455161915,0.0,0.0,2.5606606363600334e-16,2.6195722204771013,2.9999151839096183
noise_paired,C1,0.005,0.001,1,P,completed,False,,,1.5165565067886501e-13,2.4747190879571375e-10,0.7998766873232936,511,547,1.6882211593969034,0.0011931599437888468,0.0011618301521510895,9.999734076055995e-09,0.08245003319608261,True,True,0.0,7.771767842291747e-16,0.9999734076056003,334.30508777729307,0.1534161572223537,0.0037956866805575196,0.15341616722208776,0.0,0.0,1.2414079694611833e-11,144.78400444888626,2.9999151839096183
noise_paired,C1,0.007,0.001,1,P,completed,False,,,1.0544296136484826e-13,1.2294894352508023e-10,0.8146614807686047,365,391,1.5429249409062424,0.0011931599437888468,0.0011618301521510895,9.999734076055995e-09,0.08129672756113272,True,True,0.0,5.551262744494105e-16,0.9999734076056,293.0767344497284,0.10709045756642521,0.013062160786794896,0.1070904675661593,0.0,0.0,5.219059148779936e-10,108.68285651004751,2.9999151839096183
noise_paired,C1,0.01,0.001,1,P,completed,False,,,8.054676923347326e-14,6.56579301402393e-11,0.7086000085484015,255,273,1.4127699353480652,0.0011931599437888468,0.0011618301521510895,9.999734076055995e-09,0.07773870066339873,True,True,0.0,2.220505097797642e-16,0.9999734076055997,144.5757999991298,0.2698004967148272,0.021359529610054162,0.2698005067145613,0.0,0.0,3.100419574332171e-12,70.93291881666879,2.9999151839096183
noise_paired,C1,0.014,0.001,1,P,completed,False,,,5.731641543227148e-14,3.3374414195369164e-11,0.6537460713093904,182,195,1.1655403368018713,0.0011931599437888468,0.0011618301521510895,9.999734076055995e-09,0.06645597560091498,True,True,0.0,4.441010195595284e-16,0.9999734076055999,112.45702889444236,0.23027837223800218,0.07860186508792211,0.23027838223773625,0.0,0.0,1.2557281372473084e-11,51.01390398963666,2.9999151839096183
noise_paired,C1,0.02,0.001,1,P,completed,False,,,4.52762855190108e-14,1.8421929331026025e-11,0.6766702405518412,127,136,1.4234804123633973,0.0011931599437888468,0.0011618301521510895,9.999734076055995e-09,0.048140589464916034,True,True,0.0,3.330757646696463e-16,0.9999734076055998,90.92092399991506,0.13961195451697606,0.04864098640944692,0.13961196451671012,0.0,0.0,2.9791659424565557e-12,35.655886061795535,2.9999151839096183
noise_paired,C1,0.028,0.001,1,P,completed,False,,,2.349305783335919e-14,6.860696445390737e-12,0.2678596616910579,91,98,0.412762279040405,0.0011931599437888468,0.0011618301521510895,9.999734076055995e-09,0.011979234014329408,True,True,0.0,3.330757646696463e-16,0.9999734076055998,45.853661579046914,0.1632812249135498,0.16165030455841245,0.16328123491328386,0.0,0.0,7.515778748073242e-15,11.618019599889362,2.9999151839096183
noise_paired,C1,0.04,0.001,1,P,completed,False,,,2.8197037793761675e-14,5.719421898965115e-12,0.04353192016561516,63,68,0.054703761280120985,0.0011931599437888468,0.0011618301521510895,9.999734076055995e-09,0.018116623268260332,True,True,0.0,3.330757646696463e-16,0.9999734076055998,4.503198405905669,0.5789688355164575,0.5786865504855816,0.5789688455161915,0.0,0.0,2.5606606363600334e-16,2.6195722204771013,2.9999151839096183
noise_paired,C1,0.005,0.001,2,R,completed,False,,,1.516723616761834e-13,2.4749917782516137e-10,0.8319896123150121,511,547,1.7266800362544314,0.001193019720799108,0.001191539942296475,1.0000835950787214e-08,0.0824300666643901,True,True,0.0,2.220260446403514e-16,1.0000835950787212,339.0245396260809,0.18179241521929612,0.0009401975482172809,0.18179242522013206,0.0,0.0,1.1226770643854707e-10,149.8960359057254,2.9999151839096183
noise_paired,C1,0.007,0.001,2,R,completed,False,,,1.0545458016729134e-13,1.2296249131875853e-10,0.7631266166376901,365,391,1.479116076787393,0.001193019720799108,0.001191539942296475,1.0000835950787214e-08,0.08243417012549738,True,True,0.0,2.220260446403514e-16,1.0000835950787212,273.2149607468009,0.11798289044826304,0.001420488844249057,0.117982900449099,0.0,0.0,3.10375201548805e-12,104.50833248662204,2.9999151839096183
noise_paired,C1,0.01,0.001,2,R,completed,False,,,8.055564471446351e-14,6.566516501404449e-11,0.667024657787877,255,273,1.3092730304036135,0.001193019720799108,0.001191539942296475,1.0000835950787214e-08,0.07872645815089843,True,True,0.0,2.220260446403514e-16,1.0000835950787212,158.2749759768715,0.16868214493821876,0.030748392923378054,0.1686821549390547,0.0,0.0,7.409584615127098e-11,71.20547564795352,2.9999151839096183
noise_paired,C1,0.014,0.001,2,R,completed,False,,,5.732273115120646e-14,3.337809173553087e-11,0.7462766972329249,182,195,1.6058576832138312,0.001193019720799108,0.001191539942296475,1.0000835950787214e-08,0.0654977240668801,True,True,0.0,2.220260446403514e-16,1.0000835950787217,113.61198718854597,0.21488066028173158,0.005784602656443205,0.21488067028256752,0.0,0.0,4.664241720602786e-12,51.59593859856835,2.9999151839096183
noise_paired,C1,0.02,0.001,2,R,completed,False,,,4.528127453117426e-14,1.842395925084947e-11,0.540313126963771,127,136,0.7988237243669203,0.001193019720799108,0.001191539942296475,1.0000835950787214e-08,0.05397320585161288,True,True,0.0,0.0,1.0000835950787215,77.75030459296038,0.1674542957629941,0.0677643970608911,0.16745430576383002,0.0,0.0,8.46120185375227e-12,33.0483175182172,2.9999151839096183
noise_paired,C1,0.028,0.001,2,R,completed,False,,,2.349564654287774e-14,6.861452428299307e-12,0.4218085413412309,91,98,0.5930226455720665,0.001193019720799108,0.001191539942296475,1.0000835950787214e-08,0.015946945320064763,True,True,0.0,2.220260446403514e-16,1.0000835950787217,53.57111624655107,0.09569429811672414,0.09484690717820499,0.09569430811756009,0.0,0.0,5.760728309540183e-15,18.38477092475381,2.9999151839096183
noise_paired,C1,0.04,0.001,2,R,completed,False,,,2.8200144836729406e-14,5.7200521243710835e-12,0.04390686985374813,63,68,0.06378040380690912,0.001193019720799108,0.001191539942296475,1.0000835950787214e-08,0.01813617058217784,True,True,0.0,0.0,1.0000835950787215,4.895429343585746,0.5809414697301247,0.5806582432472358,0.5809414797309607,0.0,0.0,2.65143957691993e-16,2.582354541087217,2.9999151839096183
noise_paired,C1,0.005,0.001,2,P,completed,False,,,1.516723616761834e-13,2.4749917782516137e-10,0.8319896123150121,511,547,1.7266800362544314,0.001193019720799108,0.001191539942296475,1.0000835950787214e-08,0.0824300666643901,True,True,0.0,2.220260446403514e-16,1.0000835950787212,339.0245396260809,0.18179241521929612,0.0009401975482172809,0.18179242522013206,0.0,0.0,1.1226770643854707e-10,149.8960359057254,2.9999151839096183
noise_paired,C1,0.007,0.001,2,P,completed,False,,,1.0545458016729134e-13,1.2296249131875853e-10,0.7631266166376901,365,391,1.479116076787393,0.001193019720799108,0.001191539942296475,1.0000835950787214e-08,0.08243417012549738,True,True,0.0,2.220260446403514e-16,1.0000835950787212,273.2149607468009,0.11798289044826304,0.001420488844249057,0.117982900449099,0.0,0.0,3.10375201548805e-12,104.50833248662204,2.9999151839096183
noise_paired,C1,0.01,0.001,2,P,completed,False,,,8.055564471446351e-14,6.566516501404449e-11,0.667024657787877,255,273,1.3092730304036135,0.001193019720799108,0.001191539942296475,1.0000835950787214e-08,0.07872645815089843,True,True,0.0,2.220260446403514e-16,1.0000835950787212,158.2749759768715,0.16868214493821876,0.030748392923378054,0.1686821549390547,0.0,0.0,7.409584615127098e-11,71.20547564795352,2.9999151839096183
noise_paired,C1,0.014,0.001,2,P,completed,False,,,5.732273115120646e-14,3.337809173553087e-11,0.7462766972329249,182,195,1.6058576832138312,0.001193019720799108,0.001191539942296475,1.0000835950787214e-08,0.0654977240668801,True,True,0.0,2.220260446403514e-16,1.0000835950787217,113.61198718854597,0.21488066028173158,0.005784602656443205,0.21488067028256752,0.0,0.0,4.664241720602786e-12,51.59593859856835,2.9999151839096183
noise_paired,C1,0.02,0.001,2,P,completed,False,,,4.528127453117426e-14,1.842395925084947e-11,0.540313126963771,127,136,0.7988237243669203,0.001193019720799108,0.001191539942296475,1.0000835950787214e-08,0.05397320585161288,True,True,0.0,0.0,1.0000835950787215,77.75030459296038,0.1674542957629941,0.0677643970608911,0.16745430576383002,0.0,0.0,8.46120185375227e-12,33.0483175182172,2.9999151839096183
noise_paired,C1,0.028,0.001,2,P,completed,False,,,2.349564654287774e-14,6.861452428299307e-12,0.4218085413412309,91,98,0.5930226455720665,0.001193019720799108,0.001191539942296475,1.0000835950787214e-08,0.015946945320064763,True,True,0.0,2.220260446403514e-16,1.0000835950787217,53.57111624655107,0.09569429811672414,0.09484690717820499,0.09569430811756009,0.0,0.0,5.760728309540183e-15,18.38477092475381,2.9999151839096183
noise_paired,C1,0.04,0.001,2,P,completed,False,,,2.8200144836729406e-14,5.7200521243710835e-12,0.04390686985374813,63,68,0.06378040380690912,0.001193019720799108,0.001191539942296475,1.0000835950787214e-08,0.01813617058217784,True,True,0.0,0.0,1.0000835950787215,4.895429343585746,0.5809414697301247,0.5806582432472358,0.5809414797309607,0.0,0.0,2.65143957691993e-16,2.582354541087217,2.9999151839096183
noise_paired,C1,0.005,0.001,3,R,completed,False,,,1.5166400896245844e-13,2.4748554785489725e-10,0.8207611525236216,511,547,1.6389620305158183,0.0011931011975382004,0.0011603031456984278,1.0000285197052097e-08,0.08235017774478662,True,True,0.0,2.2203827245895551e-16,1.00002851970521,341.47969807867435,0.19395542700912016,0.0038907496446668466,0.19395543700940535,0.0,0.0,4.7106462966394865e-12,146.86082820345683,2.9999151839096183
noise_paired,C1,0.007,0.001,3,R,completed,False,,,1.0544877270237557e-13,1.2295571967969692e-10,0.654629122725765,365,391,1.2592735076174681,0.0011931011975382004,0.0011603031456984278,1.0000285197052097e-08,0.08132221995242378,True,True,0.0,2.2203827245895551e-16,1.00002851970521,250.25557258963138,0.14279371654994788,0.058034384775105696,0.14279372655023306,0.0,0.0,8.344836330325682e-11,101.06113920562933,2.9999151839096183
noise_paired,C1,0.01,0.001,3,R,completed,False,,,8.055120845309201e-14,6.566154878285376e-11,0.7490386175873358,255,273,1.5386109322442767,0.0011931011975382004,0.0011603031456984278,1.0000285197052097e-08,0.07635618372318677,True,True,0.0,0.0,1.0000285197052097,158.84180678579705,0.18209087670586233,0.0240767806283696,0.1820908867061475,0.0,0.0,4.6301963654896365e-11,73.16789927058534,2.9999151839096183
noise_paired,C1,0.014,0.001,3,R,completed,False,,,5.731957434427111e-14,3.3376253578322324e-11,0.5833598886812409,182,195,0.9011868466788621,0.0011931011975382004,0.0011603031456984278,1.0000285197052097e-08,0.07068131288389826,True,True,0.0,0.0,1.0000285197052097,120.86047827215296,0.21330063309143543,0.13899512127372238,0.21330064309172062,0.0,0.0,2.0892693378134934e-11,48.463026252810536,2.9999151839096183
noise_paired,C1,0.02,0.001,3,R,completed,False,,,4.5278780856525294e-14,1.8422944629229538e-11,0.6094657411621845,127,136,1.1897226962352132,0.0011931011975382004,0.0011603031456984278,1.0000285197052097e-08,0.05687781175715079,True,True,0.0,0.0,1.0000285197052097,83.18577371140708,0.14125800964997492,0.02088417938315401,0.1412580196502601,0.0,0.0,3.1190838118894707e-12,33.66298001507024,2.9999151839096183
noise_paired,C1,0.028,0.001,3,R,completed,False,,,2.3494352619534116e-14,6.861074562831679e-12,0.3718700182969436,91,98,0.48610697275289527,0.0011931011975382004,0.0011603031456984278,1.0000285197052097e-08,0.013338014341805267,True,True,0.0,0.0,1.0000285197052097,53.35940472774476,0.11493117487738158,0.10200369874752357,0.11493118487766678,0.0,0.0,7.275820627168901e-15,16.692612949589908,2.9999151839096183
noise_paired,C1,0.04,0.001,3,R,completed,False,,,2.81985918330429e-14,5.719737116696918e-12,0.043869795789746105,63,68,0.0589392739714255,0.0011931011975382004,0.0011603031456984278,1.0000285197052097e-08,0.018117281260211872,True,True,0.0,0.0,1.0000285197052097,4.688113857673569,0.5775704699086076,0.5772783656658445,0.5775704799088928,0.0,0.0,2.5028511705181717e-16,2.598458027539588,2.9999151839096183
noise_paired,C1,0.005,0.001,3,P,completed,False,,,1.5166400896245844e-13,2.4748554785489725e-10,0.8207611525236216,511,547,1.6389620305158183,0.0011931011975382004,0.0011603031456984278,1.0000285197052097e-08,0.08235017774478662,True,True,0.0,2.2203827245895551e-16,1.00002851970521,341.47969807867435,0.19395542700912016,0.0038907496446668466,0.19395543700940535,0.0,0.0,4.7106462966394865e-12,146.86082820345683,2.9999151839096183
noise_paired,C1,0.007,0.001,3,P,completed,False,,,1.0544877270237557e-13,1.2295571967969692e-10,0.654629122725765,365,391,1.2592735076174681,0.0011931011975382004,0.0011603031456984278,1.0000285197052097e-08,0.08132221995242378,True,True,0.0,2.2203827245895551e-16,1.00002851970521,250.25557258963138,0.14279371654994788,0.058034384775105696,0.14279372655023306,0.0,0.0,8.344836330325682e-11,101.06113920562933,2.9999151839096183
noise_paired,C1,0.01,0.001,3,P,completed,False,,,8.055120845309201e-14,6.566154878285376e-11,0.7490386175873358,255,273,1.5386109322442767,0.0011931011975382004,0.0011603031456984278,1.0000285197052097e-08,0.07635618372318677,True,True,0.0,0.0,1.0000285197052097,158.84180678579705,0.18209087670586233,0.0240767806283696,0.1820908867061475,0.0,0.0,4.6301963654896365e-11,73.16789927058534,2.9999151839096183
noise_paired,C1,0.014,0.001,3,P,completed,False,,,5.731957434427111e-14,3.3376253578322324e-11,0.5833598886812409,182,195,0.9011868466788621,0.0011931011975382004,0.0011603031456984278,1.0000285197052097e-08,0.07068131288389826,True,True,0.0,0.0,1.0000285197052097,120.86047827215296,0.21330063309143543,0.13899512127372238,0.21330064309172062,0.0,0.0,2.0892693378134934e-11,48.463026252810536,2.9999151839096183
noise_paired,C1,0.02,0.001,3,P,completed,False,,,4.5278780856525294e-14,1.8422944629229538e-11,0.6094657411621845,127,136,1.1897226962352132,0.0011931011975382004,0.0011603031456984278,1.0000285197052097e-08,0.05687781175715079,True,True,0.0,0.0,1.0000285197052097,83.18577371140708,0.14125800964997492,0.02088417938315401,0.1412580196502601,0.0,0.0,3.1190838118894707e-12,33.66298001507024,2.9999151839096183
noise_paired,C1,0.028,0.001,3,P,completed,False,,,2.3494352619534116e-14,6.861074562831679e-12,0.3718700182969436,91,98,0.48610697275289527,0.0011931011975382004,0.0011603031456984278,1.0000285197052097e-08,0.013338014341805267,True,True,0.0,0.0,1.0000285197052097,53.35940472774476,0.11493117487738158,0.10200369874752357,0.11493118487766678,0.0,0.0,7.275820627168901e-15,16.692612949589908,2.9999151839096183
noise_paired,C1,0.04,0.001,3,P,completed,False,,,2.81985918330429e-14,5.719737116696918e-12,0.043869795789746105,63,68,0.0589392739714255,0.0011931011975382004,0.0011603031456984278,1.0000285197052097e-08,0.018117281260211872,True,True,0.0,0.0,1.0000285197052097,4.688113857673569,0.5775704699086076,0.5772783656658445,0.5775704799088928,0.0,0.0,2.5028511705181717e-16,2.598458027539588,2.9999151839096183
noise_paired,C1,0.005,0.001,4,R,completed,False,,,1.5164398614373657e-13,2.474528745905224e-10,0.763970760366645,511,547,1.4541723280754488,0.001193256754864713,0.0011445580748432355,9.998964950415882e-09,0.08305116347281716,True,True,0.0,5.551689750542528e-16,0.9998964950415876,343.1874964073309,0.1497594334622151,0.006607233287380776,0.14975944346118006,0.0,0.0,4.9564210907871676e-11,147.38525549496984,2.9999151839096183
noise_paired,C1,0.007,0.001,4,R,completed,False,,,1.0543485126066566e-13,1.2293948695511838e-10,0.7962721559813228,365,391,2.0035022127894724,0.001193256754864713,0.0011445580748432355,9.998964950415882e-09,0.08248213263731899,True,True,0.0,3.331013850325517e-16,0.9998964950415878,255.9779131607442,0.1801336978250826,0.00012168074525376049,0.18013370782404756,0.0,0.0,8.252412147971867e-12,105.29693272552214,2.9999151839096183
noise_paired,C1,0.01,0.001,4,R,completed,False,,,8.054057401018286e-14,6.56528800861915e-11,0.7341207254596929,255,273,1.4913473712225913,0.001193256754864713,0.0011445580748432355,9.998964950415882e-09,0.07728710987150257,True,True,0.0,5.551689750542528e-16,0.9998964950415876,163.23183636774112,0.18220474967017186,0.030980364873206212,0.18220475966913682,0.0,0.0,1.469113450743219e-10,73.55425498069425,2.9999151839096183
noise_paired,C1,0.014,0.001,4,R,completed,False,,,5.731200696256887e-14,3.337184721533887e-11,0.6496607863307476,182,195,1.355401589482837,0.001193256754864713,0.0011445580748432355,9.998964950415882e-09,0.06967121672080716,True,True,0.0,2.2206759002170114e-16,0.999896495041588,100.45387869787469,0.2907603682204888,0.04801406532763908,0.2907603782194537,0.0,0.0,3.8117874665573135e-11,49.834871952483695,2.9999151839096183
noise_paired,C1,0.02,0.001,4,R,completed,False,,,4.5272803111197056e-14,1.8420512415527965e-11,0.6201565700004104,127,136,0.9422086933447013,0.001193256754864713,0.0011445580748432355,9.998964950415882e-09,0.05276920226558937,True,True,0.0,3.331013850325517e-16,0.9998964950415878,82.89819804260289,0.14806985409106477,0.047763068502756245,0.14806986409002973,0.0,0.0,1.2530308220247819e-11,34.65644150269292,2.9999151839096183
noise_paired,C1,0.028,0.001,4,R,completed,False,,,2.3491250873993384e-14,6.860168757603737e-12,0.31813470917839365,91,98,0.48503403537989354,0.001193256754864713,0.0011445580748432355,9.998964950415882e-09,0.011643827108658484,True,True,0.0,2.2206759002170114e-16,0.999896495041588,55.45194580027469,0.15563077049321905,0.11176556488970901,0.155630780492184,0.0,0.0,3.628069050982683e-15,13.84585393281774,2.9999151839096183
noise_paired,C1,0.04,0.001,4,R,completed,False,,,2.81948690296148e-14,5.718981991864021e-12,0.04360179087904436,63,68,0.05615478466045827,0.001193256754864713,0.0011445580748432355,9.998964950415882e-09,0.01811442722387086,True,True,0.0,2.2206759002170114e-16,0.999896495041588,4.6251695718873655,0.5821104341054383,0.5818186300292191,0.5821104441044033,0.0,0.0,2.584462073870109e-16,2.610649980640276,2.9999151839096183
noise_paired,C1,0.005,0.001,4,P,completed,False,,,1.5164398614373657e-13,2.474528745905224e-10,0.763970760366645,511,547,1.4541723280754488,0.001193256754864713,0.0011445580748432355,9.998964950415882e-09,0.08305116347281716,True,True,0.0,5.551689750542528e-16,0.9998964950415876,343.1874964073309,0.1497594334622151,0.006607233287380776,0.14975944346118006,0.0,0.0,4.9564210907871676e-11,147.38525549496984,2.9999151839096183
noise_paired,C1,0.007,0.001,4,P,completed,False,,,1.0543485126066566e-13,1.2293948695511838e-10,0.7962721559813228,365,391,2.0035022127894724,0.001193256754864713,0.0011445580748432355,9.998964950415882e-09,0.08248213263731899,True,True,0.0,3.331013850325517e-16,0.9998964950415878,255.9779131607442,0.1801336978250826,0.00012168074525376049,0.18013370782404756,0.0,0.0,8.252412147971867e-12,105.29693272552214,2.9999151839096183
noise_paired,C1,0.01,0.001,4,P,completed,False,,,8.054057401018286e-14,6.56528800861915e-11,0.7341207254596929,255,273,1.4913473712225913,0.001193256754864713,0.0011445580748432355,9.998964950415882e-09,0.07728710987150257,True,True,0.0,5.551689750542528e-16,0.9998964950415876,163.23183636774112,0.18220474967017186,0.030980364873206212,0.18220475966913682,0.0,0.0,1.469113450743219e-10,73.55425498069425,2.9999151839096183
noise_paired,C1,0.014,0.001,4,P,completed,False,,,5.731200696256887e-14,3.337184721533887e-11,0.6496607863307476,182,195,1.355401589482837,0.001193256754864713,0.0011445580748432355,9.998964950415882e-09,0.06967121672080716,True,True,0.0,2.2206759002170114e-16,0.999896495041588,100.45387869787469,0.2907603682204888,0.04801406532763908,0.2907603782194537,0.0,0.0,3.8117874665573135e-11,49.834871952483695,2.9999151839096183
noise_paired,C1,0.02,0.001,4,P,completed,False,,,4.5272803111197056e-14,1.8420512415527965e-11,0.6201565700004104,127,136,0.9422086933447013,0.001193256754864713,0.0011445580748432355,9.998964950415882e-09,0.05276920226558937,True,True,0.0,3.331013850325517e-16,0.9998964950415878,82.89819804260289,0.14806985409106477,0.047763068502756245,0.14806986409002973,0.0,0.0,1.2530308220247819e-11,34.65644150269292,2.9999151839096183
noise_paired,C1,0.028,0.001,4,P,completed,False,,,2.3491250873993384e-14,6.860168757603737e-12,0.31813470917839365,91,98,0.48503403537989354,0.001193256754864713,0.0011445580748432355,9.998964950415882e-09,0.011643827108658484,True,True,0.0,2.2206759002170114e-16,0.999896495041588,55.45194580027469,0.15563077049321905,0.11176556488970901,0.155630780492184,0.0,0.0,3.628069050982683e-15,13.84585393281774,2.9999151839096183
noise_paired,C1,0.04,0.001,4,P,completed,False,,,2.81948690296148e-14,5.718981991864021e-12,0.04360179087904436,63,68,0.05615478466045827,0.001193256754864713,0.0011445580748432355,9.998964950415882e-09,0.01811442722387086,True,True,0.0,2.2206759002170114e-16,0.999896495041588,4.6251695718873655,0.5821104341054383,0.5818186300292191,0.5821104441044033,0.0,0.0,2.584462073870109e-16,2.610649980640276,2.9999151839096183
noise_paired,C1,0.005,0.001,5,R,completed,False,,,1.5166404777118822e-13,2.474856111830383e-10,0.7789230085750967,511,547,1.4726951742870344,0.0011931019736091634,0.0012151684270466905,1.0000287755987262e-08,0.08278209787400656,True,True,0.0,4.4407643128487215e-16,1.0000287755987267,358.1646683330489,0.10523492215403218,0.01046257554170904,0.10523493215431994,0.0,0.0,4.8575873513868395e-11,146.35203720070578,2.9999151839096183
noise_paired,C1,0.007,0.001,5,R,completed,False,,,1.054487996852633e-13,1.229557511423711e-10,0.7368408637761013,365,391,1.4646076034682762,0.0011931019736091634,0.0012151684270466905,1.0000287755987262e-08,0.08164527190200398,True,True,0.0,4.4407643128487215e-16,1.0000287755987258,232.16112761516396,0.21571419466885744,0.003641248919338924,0.2157142046691452,0.0,0.0,1.4200413536983318e-11,101.63813558461035,2.9999151839096183
noise_paired,C1,0.01,0.001,5,R,completed,False,,,8.055122906503616e-14,6.56615655847392e-11,0.6793485707047223,255,273,1.1730711877056095,0.0011931019736091634,0.0012151684270466905,1.0000287755987262e-08,0.07827141661742557,True,True,0.0,4.4407643128487215e-16,1.0000287755987258,178.09127162865542,0.127881891036827,0.0544843960121002,0.12788190103711478,0.0,0.0,1.8202190253420767e-10,72.83578151228542,2.9999151839096183
noise_paired,C1,0.014,0.001,5,R,completed,False,,,5.731958901156025e-14,3.337626211884565e-11,0.6209103562026161,182,195,0.9726388721404068,0.0011931019736091634,0.0012151684270466905,1.0000287755987262e-08,0.07166992173963513,True,True,0.0,0.0,1.0000287755987263,118.33841578702538,0.19884041111847106,0.060361769083451144,0.19884042111875883,0.0,0.0,7.792662910349122e-11,50.733237247473156,2.9999151839096183
noise_paired,C1,0.02,0.001,5,R,completed,False,,,4.5278792442741323e-14,1.842294934340718e-11,0.530787470513359,127,136,1.229811022614633,0.0011931019736091634,0.0012151684270466905,1.0000287755987262e-08,0.047402212746838736,True,True,0.0,2.2203821564243607e-16,1.000028775598726,78.55871400222799,0.170090738657251,0.08000752285801349,0.17009074865753876,0.0,0.0,9.994670609560576e-13,31.384980348664847,2.9999151839096183
noise_paired,C1,0.028,0.001,5,R,completed,False,,,2.349435863141517e-14,6.861076318486106e-12,0.30477015073534686,91,98,0.41798065753288866,0.0011931019736091634,0.0012151684270466905,1.0000287755987262e-08,0.012117286914353377,True,True,0.0,0.0,1.0000287755987263,46.82821723144519,0.16393538263245122,0.1318841700595229,0.16393539263273899,0.0,0.0,4.555226846020118e-15,13.509937581503252,2.9999151839096183
noise_paired,C1,0.04,0.001,5,R,completed,False,,,2.8198599048673944e-14,5.719738580298821e-12,0.04371178044843682,63,68,0.05538323406874879,0.0011931019736091634,0.0012151684270466905,1.0000287755987262e-08,0.018118473846251693,True,True,0.0,0.0,1.0000287755987263,4.507481946368007,0.5780689334690785,0.577782489364661,0.5780689434693662,0.0,0.0,2.5655572041074346e-16,2.5971103092110663,2.9999151839096183
noise_paired,C1,0.005,0.001,5,P,completed,False,,,1.5166404777118822e-13,2.474856111830383e-10,0.7789230085750967,511,547,1.4726951742870344,0.0011931019736091634,0.0012151684270466905,1.0000287755987262e-08,0.08278209787400656,True,True,0.0,4.4407643128487215e-16,1.0000287755987267,358.1646683330489,0.10523492215403218,0.01046257554170904,0.10523493215431994,0.0,0.0,4.8575873513868395e-11,146.35203720070578,2.9999151839096183
noise_paired,C1,0.007,0.001,5,P,completed,False,,,1.054487996852633e-13,1.229557511423711e-10,0.7368408637761013,365,391,1.4646076034682762,0.0011931019736091634,0.0012151684270466905,1.0000287755987262e-08,0.08164527190200398,True,True,0.0,4.4407643128487215e-16,1.0000287755987258,232.16112761516396,0.21571419466885744,0.003641248919338924,0.2157142046691452,0.0,0.0,1.4200413536983318e-11,101.63813558461035,2.9999151839096183
noise_paired,C1,0.01,0.001,5,P,completed,False,,,8.055122906503616e-14,6.56615655847392e-11,0.6793485707047223,255,273,1.1730711877056095,0.0011931019736091634,0.0012151684270466905,1.0000287755987262e-08,0.07827141661742557,True,True,0.0,4.4407643128487215e-16,1.0000287755987258,178.09127162865542,0.127881891036827,0.0544843960121002,0.12788190103711478,0.0,0.0,1.8202190253420767e-10,72.83578151228542,2.9999151839096183
noise_paired,C1,0.014,0.001,5,P,completed,False,,,5.731958901156025e-14,3.337626211884565e-11,0.6209103562026161,182,195,0.9726388721404068,0.0011931019736091634,0.0012151684270466905,1.0000287755987262e-08,0.07166992173963513,True,True,0.0,0.0,1.0000287755987263,118.33841578702538,0.19884041111847106,0.060361769083451144,0.19884042111875883,0.0,0.0,7.792662910349122e-11,50.733237247473156,2.9999151839096183
noise_paired,C1,0.02,0.001,5,P,completed,False,,,4.5278792442741323e-14,1.842294934340718e-11,0.530787470513359,127,136,1.229811022614633,0.0011931019736091634,0.0012151684270466905,1.0000287755987262e-08,0.047402212746838736,True,True,0.0,2.2203821564243607e-16,1.000028775598726,78.55871400222799,0.170090738657251,0.08000752285801349,0.17009074865753876,0.0,0.0,9.994670609560576e-13,31.384980348664847,2.9999151839096183
noise_paired,C1,0.028,0.001,5,P,completed,False,,,2.349435863141517e-14,6.861076318486106e-12,0.30477015073534686,91,98,0.41798065753288866,0.0011931019736091634,0.0012151684270466905,1.0000287755987262e-08,0.012117286914353377,True,True,0.0,0.0,1.0000287755987263,46.82821723144519,0.16393538263245122,0.1318841700595229,0.16393539263273899,0.0,0.0,4.555226846020118e-15,13.509937581503252,2.9999151839096183
noise_paired,C1,0.04,0.001,5,P,completed,False,,,2.8198599048673944e-14,5.719738580298821e-12,0.04371178044843682,63,68,0.05538323406874879,0.0011931019736091634,0.0012151684270466905,1.0000287755987262e-08,0.018118473846251693,True,True,0.0,0.0,1.0000287755987263,4.507481946368007,0.5780689334690785,0.577782489364661,0.5780689434693662,0.0,0.0,2.5655572041074346e-16,2.5971103092110663,2.9999151839096183
noise_paired,C1,0.005,0.001,6,R,completed,False,,,1.5165342759080495e-13,2.474682811574215e-10,0.7944413872409827,511,547,1.7197061119459485,0.0011931783619139465,0.0012642080987750118,9.999587492072289e-09,0.0833904160285528,True,True,0.0,4.441075296377358e-16,0.9999587492072293,311.1135367438194,0.1886742282159276,0.0013321807617379111,0.1886742382155151,0.0,0.0,2.226924677841551e-11,146.67566894473617,2.9999151839096183
noise_paired,C1,0.007,0.001,6,R,completed,False,,,1.0544141569881223e-13,1.2294714124255978e-10,0.7325626120953239,365,391,2.2280001898578408,0.0011931783619139465,0.0012642080987750118,9.999587492072289e-09,0.08140306293134209,True,True,0.0,4.441075296377358e-16,0.9999587492072293,240.85957482420983,0.16716567983661745,0.0007065221574455993,0.16716568983620494,0.0,0.0,1.0515449125042752e-11,102.87069616428057,2.9999151839096183
noise_paired,C1,0.01,0.001,6,R,completed,False,,,8.054558851544425e-14,6.565696767454884e-11,0.7478670066258621,255,273,1.4638666707430785,0.0011931783619139465,0.0012642080987750118,9.999587492072289e-09,0.07712584118664238,True,True,0.0,4.441075296377358e-16,0.9999587492072293,178.94071504431253,0.13929180957704035,0.0034123625773407884,0.13929181957662784,0.0,0.0,1.0420717985519664e-10,72.92136707610152,2.9999151839096183
noise_paired,C1,0.014,0.001,6,R,completed,False,,,5.731557524307825e-14,3.3373924966900744e-11,0.6617564111139049,182,195,1.1995783292203235,0.0011931783619139465,0.0012642080987750118,9.999587492072289e-09,0.06769700109986393,True,True,0.0,3.3308064722830187e-16,0.9999587492072292,113.86239131827331,0.18548744035513465,0.04133707795917807,0.18548745035472214,0.0,0.0,9.08183834591807e-12,50.42981558427975,2.9999151839096183
noise_paired,C1,0.02,0.001,6,R,completed,False,,,4.527562182353166e-14,1.842165928786604e-11,0.5770474585885217,127,136,1.033870812221912,0.0011931783619139465,0.0012642080987750118,9.999587492072289e-09,0.04610776432042861,True,True,0.0,4.441075296377358e-16,0.9999587492072293,75.58855931520753,0.2001608912619689,0.06353868366833004,0.2001609012615564,0.0,0.0,1.764068800650603e-13,31.310321990803253,2.9999151839096183
noise_paired,C1,0.028,0.001,6,R,completed,False,,,2.3492713453600644e-14,6.860595875894757e-12,0.32457420470110804,91,98,0.5128271539669448,0.0011931783619139465,0.0012642080987750118,9.999587492072289e-09,0.014158264550931323,True,True,0.0,4.441075296377358e-16,0.9999587492072293,36.49029617671017,0.2670877583640844,0.26475122927781136,0.2670877683636719,0.0,0.0,2.1174846054060762e-15,14.536601902260044,2.9999151839096183
noise_paired,C1,0.04,0.001,6,R,completed,False,,,2.8196624459357272e-14,5.719338059170969e-12,0.043942616060264485,63,68,0.05934465338427548,0.0011931783619139465,0.0012642080987750118,9.999587492072289e-09,0.018130238670368757,True,True,0.0,3.3308064722830187e-16,0.9999587492072292,4.6057870052653,0.5818497940005208,0.5815549112195331,0.5818498040001083,0.0,0.0,2.533079362594893e-16,2.5891578456944835,2.9999151839096183
noise_paired,C1,0.005,0.001,6,P,completed,False,,,1.5165342759080495e-13,2.474682811574215e-10,0.7944413872409827,511,547,1.7197061119459485,0.0011931783619139465,0.0012642080987750118,9.999587492072289e-09,0.0833904160285528,True,True,0.0,4.441075296377358e-16,0.9999587492072293,311.1135367438194,0.1886742282159276,0.0013321807617379111,0.1886742382155151,0.0,0.0,2.226924677841551e-11,146.67566894473617,2.9999151839096183
noise_paired,C1,0.007,0.001,6,P,completed,False,,,1.0544141569881223e-13,1.2294714124255978e-10,0.7325626120953239,365,391,2.2280001898578408,0.0011931783619139465,0.0012642080987750118,9.999587492072289e-09,0.08140306293134209,True,True,0.0,4.441075296377358e-16,0.9999587492072293,240.85957482420983,0.16716567983661745,0.0007065221574455993,0.16716568983620494,0.0,0.0,1.0515449125042752e-11,102.87069616428057,2.9999151839096183
noise_paired,C1,0.01,0.001,6,P,completed,False,,,8.054558851544425e-14,6.565696767454884e-11,0.7478670066258621,255,273,1.4638666707430785,0.0011931783619139465,0.0012642080987750118,9.999587492072289e-09,0.07712584118664238,True,True,0.0,4.441075296377358e-16,0.9999587492072293,178.94071504431253,0.13929180957704035,0.0034123625773407884,0.13929181957662784,0.0,0.0,1.0420717985519664e-10,72.92136707610152,2.9999151839096183
noise_paired,C1,0.014,0.001,6,P,completed,False,,,5.731557524307825e-14,3.3373924966900744e-11,0.6617564111139049,182,195,1.1995783292203235,0.0011931783619139465,0.0012642080987750118,9.999587492072289e-09,0.06769700109986393,True,True,0.0,3.3308064722830187e-16,0.9999587492072292,113.86239131827331,0.18548744035513465,0.04133707795917807,0.18548745035472214,0.0,0.0,9.08183834591807e-12,50.42981558427975,2.9999151839096183
noise_paired,C1,0.02,0.001,6,P,completed,False,,,4.527562182353166e-14,1.842165928786604e-11,0.5770474585885217,127,136,1.033870812221912,0.0011931783619139465,0.0012642080987750118,9.999587492072289e-09,0.04610776432042861,True,True,0.0,4.441075296377358e-16,0.9999587492072293,75.58855931520753,0.2001608912619689,0.06353868366833004,0.2001609012615564,0.0,0.0,1.764068800650603e-13,31.310321990803253,2.9999151839096183
noise_paired,C1,0.028,0.001,6,P,completed,False,,,2.3492713453600644e-14,6.860595875894757e-12,0.32457420470110804,91,98,0.5128271539669448,0.0011931783619139465,0.0012642080987750118,9.999587492072289e-09,0.014158264550931323,True,True,0.0,4.441075296377358e-16,0.9999587492072293,36.49029617671017,0.2670877583640844,0.26475122927781136,0.2670877683636719,0.0,0.0,2.1174846054060762e-15,14.536601902260044,2.9999151839096183
noise_paired,C1,0.04,0.001,6,P,completed,False,,,2.8196624459357272e-14,5.719338059170969e-12,0.043942616060264485,63,68,0.05934465338427548,0.0011931783619139465,0.0012642080987750118,9.999587492072289e-09,0.018130238670368757,True,True,0.0,3.3308064722830187e-16,0.9999587492072292,4.6057870052653,0.5818497940005208,0.5815549112195331,0.5818498040001083,0.0,0.0,2.533079362594893e-16,2.5891578456944835,2.9999151839096183
noise_paired,C1,0.005,0.001,7,R,completed,False,,,1.5165464455709154e-13,2.4747026700475743e-10,0.8208586421700317,511,547,1.5285522920181107,0.0011931567917148158,0.0011791442144717117,9.999667735302204e-09,0.08231867860850545,True,True,0.0,2.220519829285316e-16,0.9999667735302202,340.97355708187854,0.14352909674457992,0.004257279259166524,0.14352910674424765,0.0,0.0,1.6953640042770638e-10,149.57700326961083,2.9999151839096183
noise_paired,C1,0.007,0.001,7,R,completed,False,,,1.0544226182969206e-13,1.2294812785083036e-10,0.6731480668058876,365,391,1.6266720340605052,0.0011931567917148158,0.0011791442144717117,9.999667735302204e-09,0.08091962550017724,True,True,0.0,1.110259914642658e-16,0.9999667735302206,227.83662343179165,0.18707659805341192,0.03096649247299632,0.18707660805307966,0.0,0.0,1.6344205045892558e-11,100.55795168214368,2.9999151839096183
noise_paired,C1,0.01,0.001,7,R,completed,False,,,8.05462348659245e-14,6.56574945489981e-11,0.6508899256850813,255,273,1.3288627865998015,0.0011931567917148158,0.0011791442144717117,9.999667735302204e-09,0.0771920237867128,True,True,0.0,1.110259914642658e-16,0.9999667735302206,150.14673225104124,0.2785854382163109,0.01668401034288136,0.27858544821597864,0.0,0.0,3.7572682585195836e-11,70.35854233332665,2.9999151839096183
noise_paired,C1,0.014,0.001,7,R,completed,False,,,5.731603518073924e-14,3.337419278110172e-11,0.5943863690076806,182,195,1.1474961693675063,0.0011931567917148158,0.0011791442144717117,9.999667735302204e-09,0.06903844507610628,True,True,0.0,1.110259914642658e-16,0.9999667735302206,127.66603476515537,0.1808675435740421,0.08396395812333657,0.18086755357370984,0.0,0.0,4.400078828593103e-12,46.063172610710566,2.9999151839096183
noise_paired,C1,0.02,0.001,7,R,completed,False,,,4.52759851447321e-14,1.8421807115308207e-11,0.5381401951583351,127,136,0.7495924869526905,0.0011931567917148158,0.0011791442144717117,9.999667735302204e-09,0.05332521503947865,True,True,0.0,1.110259914642658e-16,0.9999667735302206,74.53306433107541,0.22656077331379743,0.11276114565566697,0.22656078331346516,0.0,0.0,1.3595259272587392e-11,33.39751764003144,2.9999151839096183
noise_paired,C1,0.028,0.001,7,R,completed,False,,,2.349290197449798e-14,6.860650929802997e-12,0.3912259306798574,91,98,0.5308461237979637,0.0011931567917148158,0.0011791442144717117,9.999667735302204e-09,0.015574086544708562,True,True,0.0,1.110259914642658e-16,0.9999667735302206,49.14347280377704,0.12477594780965007,0.10762761830324274,0.1247759578093178,0.0,0.0,1.1608763041733439e-15,17.58842524098519,2.9999151839096183
