eta,seed,delta_nominal,particle_oracle_factor,E2_particle_oracle,tik_oracle_lambda,E2_tik_oracle,particle_disc_factor_tau1.0,E2_particle_disc_tau1.0,particle_note_tau1.0,tik_disc_lambda_tau1.0,E2_tik_disc_tau1.0,particle_disc_factor_tau1.2,E2_particle_disc_tau1.2,particle_note_tau1.2,tik_disc_lambda_tau1.2,E2_tik_disc_tau1.2
0.001,0,0.0024151877656439966,6.0,0.025713833187156,0.001,0.0031599374457322105,4.0,0.0408099634007403,nonmonotonic,0.00014047840189346776,0.01224547776434525,4.0,0.0408099634007403,nonmonotonic,0.0010453732601007077,0.003107171525328849
0.001,1,0.0024151877656439966,4.0,0.0177455603954025,0.001,0.0020115307115354713,4.0,0.0177455603954025,nonmonotonic,0.00047689562675648115,0.002249088500796649,4.0,0.0177455603954025,nonmonotonic,0.0010860914942674809,0.0020533612488508298
0.001,2,0.0024151877656439966,4.0,0.0255038790436529,0.001,0.003665056078864937,4.0,0.0255038790436529,nonmonotonic,0.0001071644587686854,0.008517914696864918,4.0,0.0255038790436529,nonmonotonic,0.0010388564806374633,0.003629635260857058
0.001,3,0.0024151877656439966,6.0,0.0254828746312898,0.001,0.003662670814542083,4.0,0.0302149617703616,nonmonotonic,0.0001275588503584152,0.0065198912038794896,4.0,0.0302149617703616,nonmonotonic,0.0010443365839369635,0.003640545834347016
0.001,4,0.0024151877656439966,6.0,0.0256996674317243,0.001,0.004420057671433255,4.0,0.032802476658454,nonmonotonic,0.00013730056854450453,0.009100126478841283,4.0,0.032802476658454,nonmonotonic,0.0010458655882813754,0.0043718281860993715
0.001,5,0.0024151877656439966,6.0,0.0256790202553058,0.001,0.00392944995601417,4.0,0.0303772098824001,nonmonotonic,0.00026622876967081506,0.005708371634884925,4.0,0.0303772098824001,nonmonotonic,0.0010665358350669884,0.003912484172244457
0.001,6,0.0024151877656439966,6.0,0.0253775549832608,0.001,0.004308167500195176,4.0,0.0314350359903782,nonmonotonic,0.00011025689320097288,0.011339124681803483,4.0,0.0314350359903782,nonmonotonic,0.0010391791469432597,0.004272865934702733
0.001,7,0.0024151877656439966,6.0,0.0257121571360717,0.001,0.004515669263127364,4.0,0.0310565217084735,nonmonotonic,0.000477652077931824,0.00653124749380384,4.0,0.0310565217084735,nonmonotonic,0.0010854826771354075,0.004376155017979679
0.001,8,0.0024151877656439966,6.0,0.0255725884664395,0.001,0.005485410637432807,4.0,0.0325211807437185,nonmonotonic,6.026148432718821e-05,0.02540041207018723,4.0,0.0325211807437185,nonmonotonic,0.0010325935567281693,0.005407772515886694
0.001,9,0.0024151877656439966,6.0,0.0257004334280645,0.001,0.005402763828080573,4.0,0.0312149243313583,nonmonotonic,0.00015250374522589037,0.00855320248651713,4.0,0.0312149243313583,nonmonotonic,0.0010490204923440916,0.005323816813803022
0.001,10,0.0024151877656439966,4.0,0.0260562724930799,0.001,0.00412443349388155,4.0,0.0260562724930799,nonmonotonic,0.0002712080596535235,0.00627521979521846,4.0,0.0260562724930799,nonmonotonic,0.0010671004210597074,0.004062468108173834
0.001,11,0.0024151877656439966,6.0,0.0255639485549746,0.001,0.0037467321966605585,4.0,0.0259893233531566,nonmonotonic,0.0002281431378446662,0.007754734994867671,4.0,0.0259893233531566,nonmonotonic,0.0010610079190882043,0.0036613221226955406
0.001,12,0.0024151877656439966,6.0,0.0257574153238359,0.001,0.0029619892463900385,4.0,0.0350930489824071,nonmonotonic,0.0001286028725752047,0.005729324105510515,4.0,0.0350930489824071,nonmonotonic,0.0010445941469830855,0.0029501477329776362
0.001,13,0.0024151877656439966,6.0,0.0254784810877109,0.001,0.003409985775328897,4.0,0.0331344975451868,nonmonotonic,1e-08,1.010816263603861,4.0,0.0331344975451868,nonmonotonic,0.0010187278395005952,0.00338864978431793
0.001,14,0.0024151877656439966,6.0,0.0257969328493646,0.001,0.0027026785750340425,4.0,0.0287581399877816,nonmonotonic,0.00026635895034213464,0.0051700040683063725,4.0,0.0287581399877816,nonmonotonic,0.0010665228520469543,0.0026847877392373164
0.001,15,0.0024151877656439966,6.0,0.0258753774430053,0.001,0.004304384504173926,4.0,0.0348073515605307,nonmonotonic,0.00014392297272955136,0.009042344566291972,4.0,0.0348073515605307,nonmonotonic,0.0010471381395014026,0.004229888326154544
0.001,16,0.0024151877656439966,6.0,0.0257241680498964,0.001,0.0025625453467903454,4.0,0.0367175857076468,nonmonotonic,0.00016723385096648817,0.006924029340862887,4.0,0.0367175857076468,nonmonotonic,0.0010518828605515602,0.0025319341842475235
0.001,17,0.0024151877656439966,4.0,0.0253945908917208,0.001,0.005134991970172613,4.0,0.0253945908917208,nonmonotonic,0.00015580997939940313,0.009782964508950833,4.0,0.0253945908917208,nonmonotonic,0.0010492880544164048,0.005059968658830461
0.001,18,0.0024151877656439966,6.0,0.0256825336986731,0.001,0.005110155955701171,4.0,0.0372629346876568,nonmonotonic,1e-08,0.9652502010196407,4.0,0.0372629346876568,nonmonotonic,0.0010267524630583967,0.005044209122891307
0.001,19,0.0024151877656439966,4.0,0.0235222837010979,0.001,0.0025736951252786737,4.0,0.0235222837010979,nonmonotonic,0.00018026128957388077,0.0047065170895923755,4.0,0.0235222837010979,nonmonotonic,0.0010546581337710478,0.0025588772110935465
0.001,20,0.0024151877656439966,4.0,0.0240150636542079,0.001,0.004511281547247024,4.0,0.0240150636542079,nonmonotonic,1e-08,0.7405606794078697,4.0,0.0240150636542079,nonmonotonic,0.0010218522319972371,0.004482600192655334
0.001,21,0.0024151877656439966,6.0,0.0254391593899163,0.001,0.0033400888875985777,4.0,0.0257966737066152,nonmonotonic,0.0006259126497010514,0.003769854265576075,4.0,0.0257966737066152,nonmonotonic,0.001095407361162374,0.0032936157035807407
0.001,22,0.0024151877656439966,6.0,0.0256453893905423,0.001,0.004248184271617841,4.0,0.0356057306133577,nonmonotonic,0.0001452960234668579,0.009362841533943289,4.0,0.0356057306133577,nonmonotonic,0.0010472362810044925,0.004186248819641813
0.001,23,0.0024151877656439966,6.0,0.0256546006799864,0.001,0.003962108169851837,4.0,0.0434829572214481,nonmonotonic,1e-08,1.2380154258123768,4.0,0.0434829572214481,nonmonotonic,0.0010325024336349424,0.003937904408675166
0.001,24,0.0024151877656439966,4.0,0.0247097215528457,0.001,0.004011144983961168,4.0,0.0247097215528457,nonmonotonic,2.8181677557041316e-05,0.014284213644957373,4.0,0.0247097215528457,nonmonotonic,0.001036088072601756,0.00399259804172194
0.005,0,0.012075938828219984,6.0,0.027824795469884,0.001,0.014537314930388833,4.0,0.1780970488580383,nonmonotonic,0.0010544479238213092,0.01399658383603812,4.0,0.1780970488580383,nonmonotonic,0.002941306856208807,0.008735794148202657
0.005,1,0.012075938828219984,6.0,0.0257182362760671,0.001,0.008732952436336271,4.0,0.0605606977282001,nonmonotonic,0.0015664809275817086,0.007774921346792736,4.0,0.0605606977282001,nonmonotonic,0.004122148780648265,0.0084992245266242
0.005,2,0.012075938828219984,6.0,0.0268390228565733,0.01,0.016967352701381205,4.0,0.0917684727647626,nonmonotonic,0.0005303542338400323,0.022830095906034218,4.0,0.0917684727647626,nonmonotonic,0.0027792428746330083,0.011564421353899542
0.005,3,0.012075938828219984,6.0,0.0263961505629658,0.001,0.015877556185721668,4.0,0.1204785544091523,nonmonotonic,0.001049766193599542,0.015612700200645424,4.0,0.1204785544091523,nonmonotonic,0.002930335016358576,0.01203898412432015
0.005,4,0.012075938828219984,6.0,0.0274085048211289,0.01,0.017419557994983837,4.0,0.1440580060047763,nonmonotonic,0.0010672538075936512,0.02104011026984899,4.0,0.1440580060047763,nonmonotonic,0.0029618775391368726,0.01456443843763614
0.005,5,0.012075938828219984,6.0,0.0279445506335957,0.01,0.018678537350719115,4.0,0.129575660456836,nonmonotonic,0.001309813533916503,0.01755366237110956,4.0,0.129575660456836,nonmonotonic,0.003539149568517086,0.01465905837583673
0.005,6,0.012075938828219984,6.0,0.026427960385021,0.01,0.016541817423816732,4.0,0.1353022570181428,nonmonotonic,0.0007530620213656511,0.021802161135090283,4.0,0.1353022570181428,nonmonotonic,0.0027884193729091583,0.013297197204065218
0.005,7,0.012075938828219984,6.0,0.0275619418415031,0.01,0.01806170173073397,4.0,0.1216977115069604,nonmonotonic,0.0015530250088744068,0.016559132995903267,4.0,0.1216977115069604,nonmonotonic,0.004083088953074615,0.012281291143608453
0.005,8,0.012075938828219984,6.0,0.0273538682218599,0.01,0.01679854031755483,4.0,0.1478859842043617,nonmonotonic,0.00011446359129569557,0.09102584434012452,4.0,0.1478859842043617,nonmonotonic,0.0026239252682932405,0.015615462543143657
0.005,9,0.012075938828219984,6.0,0.0277357894963884,0.01,0.01738425434380898,4.0,0.1185797875299208,nonmonotonic,0.001102743600964026,0.026499670946253752,4.0,0.1185797875299208,nonmonotonic,0.0030234715654959715,0.01740450002419779
0.005,10,0.012075938828219984,6.0,0.0300623871995728,0.01,0.019532563571612486,4.0,0.1096197720057111,nonmonotonic,0.0013031985961692995,0.018530927603654733,4.0,0.1096197720057111,nonmonotonic,0.0035158801059875376,0.01407289363945134
0.005,11,0.012075938828219984,6.0,0.0272048140343256,0.01,0.01573685179004954,4.0,0.1052488886740142,nonmonotonic,0.0012377459799305765,0.017192884930520756,4.0,0.1052488886740142,nonmonotonic,0.0033582899514500776,0.010881460631033842
0.005,12,0.012075938828219984,6.0,0.0275333242095844,0.001,0.014654165918206829,4.0,0.1291109906229705,nonmonotonic,0.0010485284158774262,0.01439690082106622,4.0,0.1291109906229705,nonmonotonic,0.0029274203766190402,0.010418415128700304
0.005,13,0.012075938828219984,6.0,0.0274992480005416,0.01,0.015171645462082604,4.0,0.1467056695954601,nonmonotonic,1e-08,5.021610040884585,4.0,0.1467056695954601,nonmonotonic,0.0023094050309424028,0.011537433891512792
0.005,14,0.012075938828219984,6.0,0.027519306807069,0.001,0.012498270087231396,4.0,0.1095144897052309,nonmonotonic,0.0013097605308437096,0.011194766041604918,4.0,0.1095144897052309,nonmonotonic,0.0035467672254320235,0.009648901921782914
0.005,15,0.012075938828219984,6.0,0.028325857625005,0.01,0.01698360155204307,4.0,0.1383660547035221,nonmonotonic,0.0010798953152539952,0.020059861495432853,4.0,0.1383660547035221,nonmonotonic,0.00299213378009613,0.01224059823968235
0.005,16,0.012075938828219984,6.0,0.0278817074416469,0.001,0.012812897363492,4.0,0.1632765467502172,nonmonotonic,0.0011289736318920438,0.012050492774749441,4.0,0.1632765467502172,nonmonotonic,0.0031169898817232766,0.008132196972072823
0.005,17,0.012075938828219984,6.0,0.0266028804840041,0.01,0.016818772368263693,4.0,0.1019648762110885,nonmonotonic,0.0011015704877067594,0.023680376584410464,4.0,0.1019648762110885,nonmonotonic,0.00302136731369031,0.016052035515011807
0.005,18,0.012075938828219984,6.0,0.0280616224269883,0.01,0.017089026452933333,4.0,0.1490481890949346,nonmonotonic,1e-08,4.786000792208853,4.0,0.1490481890949346,nonmonotonic,0.0024710210451499687,0.016288224086267854
0.005,19,0.012075938828219984,6.0,0.0255923841498453,0.001,0.013011227235061434,4.0,0.0893342933224552,nonmonotonic,0.0011640538629387749,0.012296851409913392,4.0,0.0893342933224552,nonmonotonic,0.003193577972139902,0.009310405743565259
0.005,20,0.012075938828219984,6.0,0.0279092582602806,0.01,0.018837778286318295,4.0,0.0983070395709782,nonmonotonic,1e-08,3.7866057419298564,4.0,0.0983070395709782,nonmonotonic,0.0023601134131810207,0.015301728846233468
0.005,21,0.012075938828219984,6.0,0.0260264757170136,0.001,0.014836577539593767,4.0,0.1095617610014033,nonmonotonic,0.0016999563865633576,0.012454624154771199,4.0,0.1095617610014033,nonmonotonic,0.004394345808800549,0.010561499240941082
0.005,22,0.012075938828219984,6.0,0.0279135062020942,0.01,0.016854456519793507,4.0,0.1411649837757045,nonmonotonic,0.0010822406747720483,0.021620365140297644,4.0,0.1411649837757045,nonmonotonic,0.0029798203660988828,0.015356088402322238
0.005,23,0.012075938828219984,6.0,0.0272616757664227,0.01,0.017094779999818694,4.0,0.1476831242005528,nonmonotonic,1e-08,6.2049264514890705,4.0,0.1476831242005528,nonmonotonic,0.0026244579799641118,0.01219463128196566
0.005,24,0.012075938828219984,6.0,0.0265378874730239,0.001,0.018241417827284168,4.0,0.0999424073003203,nonmonotonic,2.3372967246266553e-05,0.07658858181845377,4.0,0.0999424073003203,nonmonotonic,0.002698382098269347,0.014446036612338602
0.01,0,0.024151877656439967,6.0,0.0331793109311759,0.01,0.018560049850249394,4.0,0.3189511036336497,nonmonotonic,0.0012897132782319787,0.02408292927511262,4.0,0.3189511036336497,nonmonotonic,0.01,0.018560049850249394
0.01,1,0.024151877656439967,6.0,0.0267771219198964,0.001,0.017431077302579714,4.0,0.1140404346039728,nonmonotonic,0.004902416453018279,0.013226312755191712,6.0,0.0267771219198964,nonmonotonic,0.01,0.0179295007117373
0.01,2,0.024151877656439967,6.0,0.0296557412406745,0.01,0.019874534089996787,4.0,0.1579802044799874,nonmonotonic,0.0010393484949015924,0.03448255779155616,6.0,0.0296557412406745,nonmonotonic,0.01,0.019874534089996787
0.01,3,0.024151877656439967,6.0,0.0301134512579631,0.01,0.022186147596845444,4.0,0.2103151905304809,nonmonotonic,0.0012953352972098634,0.02850631709726198,6.0,0.0301134512579631,nonmonotonic,0.01,0.022186147596845444
0.01,4,0.024151877656439967,6.0,0.0317138677493496,0.01,0.02183417015202105,4.0,0.2593914274665242,nonmonotonic,0.0013666186891823431,0.03827201204896739,4.0,0.2593914274665242,nonmonotonic,0.01,0.02183417015202105
0.01,5,0.024151877656439967,6.0,0.0333259226643844,0.01,0.02477528913282501,4.0,0.2338707289750049,nonmonotonic,0.0027127258253938414,0.02880188610977051,6.0,0.0333259226643844,nonmonotonic,0.01,0.02477528913282501
0.01,6,0.024151877656439967,6.0,0.0311211388721615,0.01,0.019879852475173727,4.0,0.2373449054514511,nonmonotonic,0.0010764672974006672,0.036957467557386714,4.0,0.2373449054514511,nonmonotonic,0.01,0.019879852475173727
0.01,7,0.024151877656439967,6.0,0.032234757971807,0.01,0.02215147106530213,4.0,0.2117737084493532,nonmonotonic,0.004647623938686112,0.0201640281465247,6.0,0.032234757971807,nonmonotonic,0.01,0.02215147106530213
0.01,8,0.024151877656439967,6.0,0.0329122754278342,0.01,0.020707989487453657,4.0,0.2811424461199899,nonmonotonic,0.000136196298609884,0.16483717724238245,4.0,0.2811424461199899,nonmonotonic,0.01,0.020707989487453657
0.01,9,0.024151877656439967,6.0,0.0327385111482357,0.01,0.022736149829507838,4.0,0.2183735476252305,nonmonotonic,0.0015031641810882529,0.047246703611224086,6.0,0.0327385111482357,nonmonotonic,0.01,0.022736149829507838
0.01,10,0.024151877656439967,6.0,0.037151649104569,0.01,0.025848036767357307,4.0,0.2047653078103553,nonmonotonic,0.002557797042534177,0.028838539862916623,6.0,0.037151649104569,nonmonotonic,0.01,0.025848036767357307
0.01,11,0.024151877656439967,6.0,0.0321523112607487,0.01,0.01804480952340727,4.0,0.1986653001623875,nonmonotonic,0.002226382824345522,0.025300690644938176,6.0,0.0321523112607487,nonmonotonic,0.01,0.01804480952340727
0.01,12,0.024151877656439967,6.0,0.0315764208750406,0.01,0.019582537926511726,4.0,0.2226245823770819,nonmonotonic,0.0012687448419498371,0.02681907266314196,6.0,0.0315764208750406,nonmonotonic,0.01,0.019582537926511726
0.01,13,0.024151877656439967,6.0,0.033943591880161,0.01,0.017248495332772246,4.0,0.2839737795725359,nonmonotonic,1e-08,10.035406369906049,4.0,0.2839737795725359,nonmonotonic,0.01,0.017248495332772246
0.01,14,0.024151877656439967,6.0,0.0312388224517878,0.01,0.02037763814190305,4.0,0.1882886043451975,nonmonotonic,0.002723503363577348,0.017450296715895885,6.0,0.0312388224517878,nonmonotonic,0.01,0.02037763814190305
0.01,15,0.024151877656439967,6.0,0.0332159596819688,0.01,0.02021762676733657,4.0,0.2185842396383809,nonmonotonic,0.001403040801281673,0.034609743948901046,6.0,0.0332159596819688,nonmonotonic,0.01,0.02021762676733657
0.01,16,0.024151877656439967,6.0,0.0334543256466852,0.01,0.01749563392502161,4.0,0.2924855632876855,nonmonotonic,0.0016375566299436648,0.02002645737861624,6.0,0.0334543256466852,nonmonotonic,0.01,0.01749563392502161
0.01,17,0.024151877656439967,6.0,0.0312313023056149,0.01,0.022783281978141005,4.0,0.1898040689290783,nonmonotonic,0.0014940543598912432,0.04189248058059186,6.0,0.0312313023056149,nonmonotonic,0.01,0.022783281978141005
0.01,18,0.024151877656439967,6.0,0.0347264261873958,0.01,0.022622757576818444,4.0,0.269265195521718,nonmonotonic,1e-08,9.562241548037921,4.0,0.269265195521718,nonmonotonic,0.01,0.022622757576818444
0.01,19,0.024151877656439967,6.0,0.0269063683190643,0.01,0.017759230642358848,4.0,0.1652371133470677,nonmonotonic,0.0018209367028486213,0.02097526286863518,6.0,0.0269063683190643,nonmonotonic,0.01,0.017759230642358848
0.01,20,0.024151877656439967,6.0,0.0323308264622542,0.01,0.02416183503536971,4.0,0.1822689435793774,nonmonotonic,1e-08,7.594342886954068,4.0,0.1822689435793774,nonmonotonic,0.01,0.02416183503536971
0.01,21,0.024151877656439967,6.0,0.0289259535261224,0.01,0.01901242845211925,4.0,0.1999654948609218,nonmonotonic,0.0062567186426396165,0.017348892084905396,6.0,0.0289259535261224,nonmonotonic,0.01,0.01901242845211925
0.01,22,0.024151877656439967,6.0,0.0344655621875538,0.01,0.022310158635770728,4.0,0.2619587960880376,nonmonotonic,0.0014085500439976904,0.03994882962234609,6.0,0.0344655621875538,nonmonotonic,0.01,0.022310158635770728
0.01,23,0.024151877656439967,6.0,0.0317196913405945,0.01,0.02033325387397858,4.0,0.2463404734997217,nonmonotonic,1e-08,12.413829967314879,4.0,0.2463404734997217,nonmonotonic,0.01,0.02033325387397858
0.01,24,0.024151877656439967,6.0,0.030376058663051,0.01,0.024658764787843155,4.0,0.1846587271373625,nonmonotonic,7.900470150505283e-06,0.2644094809190806,4.0,0.1846587271373625,nonmonotonic,0.01,0.024658764787843155
