method,eta,seed,rel_L2
smoothed_log_bw4,0.0,0,0.011973512362643277
smoothed_log_bw6,0.0,0,0.02555810484679168
fd_grid_ratio_bw4,0.0,0,0.013265312469764961
tikhonov_optimal,0.0,0,0.0010325001521152152
smoothed_log_bw4,0.001,0,0.0408099634007403
smoothed_log_bw6,0.001,0,0.025713833187156098
fd_grid_ratio_bw4,0.001,0,0.4630438671039154
tikhonov_optimal,0.001,0,0.0031599374457322105
smoothed_log_bw4,0.001,1,0.0177455603954025
smoothed_log_bw6,0.001,1,0.02551336523689257
fd_grid_ratio_bw4,0.001,1,0.46183970593729146
tikhonov_optimal,0.001,1,0.0020115307115354713
smoothed_log_bw4,0.001,2,0.02550387904365294
smoothed_log_bw6,0.001,2,0.025712428234030794
fd_grid_ratio_bw4,0.001,2,0.4403195513377412
tikhonov_optimal,0.001,2,0.003665056078864937
smoothed_log_bw4,0.001,3,0.03021496177036169
smoothed_log_bw6,0.001,3,0.025482874631289877
fd_grid_ratio_bw4,0.001,3,0.4734495181374012
tikhonov_optimal,0.001,3,0.003662670814542083
smoothed_log_bw4,0.001,4,0.03280247665845404
smoothed_log_bw6,0.001,4,0.02569966743172437
fd_grid_ratio_bw4,0.001,4,0.4827746166696715
tikhonov_optimal,0.001,4,0.004420057671433255
smoothed_log_bw4,0.001,5,0.030377209882400103
smoothed_log_bw6,0.001,5,0.02567902025530586
fd_grid_ratio_bw4,0.001,5,0.33941080512822697
tikhonov_optimal,0.001,5,0.00392944995601417
smoothed_log_bw4,0.001,6,0.03143503599037827
smoothed_log_bw6,0.001,6,0.0253775549832608
fd_grid_ratio_bw4,0.001,6,0.4532027203468121
tikhonov_optimal,0.001,6,0.004308167500195176
smoothed_log_bw4,0.001,7,0.031056521708473506
smoothed_log_bw6,0.001,7,0.025712157136071716
fd_grid_ratio_bw4,0.001,7,0.4231344895672452
tikhonov_optimal,0.001,7,0.004515669263127364
smoothed_log_bw4,0.001,8,0.032521180743718514
smoothed_log_bw6,0.001,8,0.025572588466439505
fd_grid_ratio_bw4,0.001,8,0.42536848667226457
tikhonov_optimal,0.001,8,0.005485410637432807
smoothed_log_bw4,0.001,9,0.031214924331358307
smoothed_log_bw6,0.001,9,0.02570043342806451
fd_grid_ratio_bw4,0.001,9,0.5220735043189393
tikhonov_optimal,0.001,9,0.005402763828080573
smoothed_log_bw4,0.001,10,0.02605627249307997
smoothed_log_bw6,0.001,10,0.026159391395196338
fd_grid_ratio_bw4,0.001,10,0.5098718076995639
tikhonov_optimal,0.001,10,0.00412443349388155
smoothed_log_bw4,0.001,11,0.025989323353156648
smoothed_log_bw6,0.001,11,0.025563948554974635
fd_grid_ratio_bw4,0.001,11,0.54306541696663
tikhonov_optimal,0.001,11,0.0037467321966605585
smoothed_log_bw4,0.001,12,0.03509304898240717
smoothed_log_bw6,0.001,12,0.025757415323835933
fd_grid_ratio_bw4,0.001,12,0.4987754014414264
tikhonov_optimal,0.001,12,0.0029619892463900385
smoothed_log_bw4,0.001,13,0.033134497545186894
smoothed_log_bw6,0.001,13,0.025478481087710968
fd_grid_ratio_bw4,0.001,13,0.3676447991417051
tikhonov_optimal,0.001,13,0.003409985775328897
smoothed_log_bw4,0.001,14,0.028758139987781612
smoothed_log_bw6,0.001,14,0.0257969328493646
fd_grid_ratio_bw4,0.001,14,0.5591109603405718
tikhonov_optimal,0.001,14,0.0027026785750340425
smoothed_log_bw4,0.001,15,0.034807351560530796
smoothed_log_bw6,0.001,15,0.02587537744300539
fd_grid_ratio_bw4,0.001,15,0.5237253219077135
tikhonov_optimal,0.001,15,0.004304384504173926
smoothed_log_bw4,0.001,16,0.03671758570764683
smoothed_log_bw6,0.001,16,0.025724168049896426
fd_grid_ratio_bw4,0.001,16,0.4279177603900494
tikhonov_optimal,0.001,16,0.0025625453467903454
smoothed_log_bw4,0.001,17,0.02539459089172085
smoothed_log_bw6,0.001,17,0.025439926177151916
fd_grid_ratio_bw4,0.001,17,0.4814477106203008
tikhonov_optimal,0.001,17,0.005134991970172613
smoothed_log_bw4,0.001,18,0.037262934687656867
smoothed_log_bw6,0.001,18,0.025682533698673113
fd_grid_ratio_bw4,0.001,18,0.5077154329308129
tikhonov_optimal,0.001,18,0.005110155955701171
smoothed_log_bw4,0.001,19,0.02352228370109798
smoothed_log_bw6,0.001,19,0.02544319078289873
fd_grid_ratio_bw4,0.001,19,0.4129587123231312
tikhonov_optimal,0.001,19,0.0025736951252786737
smoothed_log_bw4,0.001,20,0.02401506365420798
smoothed_log_bw6,0.001,20,0.025831249714005414
fd_grid_ratio_bw4,0.001,20,0.5753662943053206
tikhonov_optimal,0.001,20,0.004511281547247024
smoothed_log_bw4,0.001,21,0.025796673706615206
smoothed_log_bw6,0.001,21,0.02543915938991631
fd_grid_ratio_bw4,0.001,21,0.3717409227009571
tikhonov_optimal,0.001,21,0.0033400888875985777
smoothed_log_bw4,0.001,22,0.035605730613357714
smoothed_log_bw6,0.001,22,0.02564538939054237
fd_grid_ratio_bw4,0.001,22,0.45523265444207006
tikhonov_optimal,0.001,22,0.004248184271617841
smoothed_log_bw4,0.001,23,0.04348295722144819
smoothed_log_bw6,0.001,23,0.025654600679986473
fd_grid_ratio_bw4,0.001,23,0.4376855167677236
tikhonov_optimal,0.001,23,0.003962108169851837
smoothed_log_bw4,0.001,24,0.02470972155284579
smoothed_log_bw6,0.001,24,0.025487076780351267
fd_grid_ratio_bw4,0.001,24,0.4127809540292917
tikhonov_optimal,0.001,24,0.004011144983961168
smoothed_log_bw4,0.005,0,0.17809704885803837
smoothed_log_bw6,0.005,0,0.02782479546988407
fd_grid_ratio_bw4,0.005,0,0.4934060745532023
tikhonov_optimal,0.005,0,0.014537314930388833
smoothed_log_bw4,0.005,1,0.06056069772820013
smoothed_log_bw6,0.005,1,0.025718236276067116
fd_grid_ratio_bw4,0.005,1,0.492680125656915
tikhonov_optimal,0.005,1,0.008732952436336271
smoothed_log_bw4,0.005,2,0.0917684727647626
smoothed_log_bw6,0.005,2,0.02683902285657333
fd_grid_ratio_bw4,0.005,2,0.4994527852682439
tikhonov_optimal,0.005,2,0.016967352701381205
smoothed_log_bw4,0.005,3,0.12047855440915231
smoothed_log_bw6,0.005,3,0.026396150562965834
fd_grid_ratio_bw4,0.005,3,0.5164434065313798
tikhonov_optimal,0.005,3,0.015877556185721668
smoothed_log_bw4,0.005,4,0.14405800600477633
smoothed_log_bw6,0.005,4,0.027408504821128953
fd_grid_ratio_bw4,0.005,4,0.5744895212533072
tikhonov_optimal,0.005,4,0.017419557994983837
smoothed_log_bw4,0.005,5,0.12957566045683602
smoothed_log_bw6,0.005,5,0.027944550633595744
fd_grid_ratio_bw4,0.005,5,0.5609204250172896
tikhonov_optimal,0.005,5,0.018678537350719115
smoothed_log_bw4,0.005,6,0.13530225701814286
smoothed_log_bw6,0.005,6,0.026427960385021092
fd_grid_ratio_bw4,0.005,6,0.4751258743771971
tikhonov_optimal,0.005,6,0.016541817423816732
smoothed_log_bw4,0.005,7,0.12169771150696046
smoothed_log_bw6,0.005,7,0.027561941841503127
fd_grid_ratio_bw4,0.005,7,0.5919156638855225
tikhonov_optimal,0.005,7,0.01806170173073397
smoothed_log_bw4,0.005,8,0.14788598420436175
smoothed_log_bw6,0.005,8,0.02735386822185996
fd_grid_ratio_bw4,0.005,8,0.47293344797208997
tikhonov_optimal,0.005,8,0.01679854031755483
smoothed_log_bw4,0.005,9,0.11857978752992085
smoothed_log_bw6,0.005,9,0.027735789496388403
fd_grid_ratio_bw4,0.005,9,0.5544215167773301
tikhonov_optimal,0.005,9,0.01738425434380898
smoothed_log_bw4,0.005,10,0.10961977200571113
smoothed_log_bw6,0.005,10,0.030062387199572826
fd_grid_ratio_bw4,0.005,10,0.5324342077086289
tikhonov_optimal,0.005,10,0.019532563571612486
smoothed_log_bw4,0.005,11,0.10524888867401423
smoothed_log_bw6,0.005,11,0.02720481403432569
fd_grid_ratio_bw4,0.005,11,0.5715379576455043
tikhonov_optimal,0.005,11,0.01573685179004954
smoothed_log_bw4,0.005,12,0.1291109906229705
smoothed_log_bw6,0.005,12,0.027533324209584494
fd_grid_ratio_bw4,0.005,12,0.5190111443056356
tikhonov_optimal,0.005,12,0.014654165918206829
smoothed_log_bw4,0.005,13,0.14670566959546016
smoothed_log_bw6,0.005,13,0.027499248000541657
fd_grid_ratio_bw4,0.005,13,0.44941272707032603
tikhonov_optimal,0.005,13,0.015171645462082604
smoothed_log_bw4,0.005,14,0.10951448970523098
smoothed_log_bw6,0.005,14,0.027519306807069096
fd_grid_ratio_bw4,0.005,14,0.7149470304409045
tikhonov_optimal,0.005,14,0.012498270087231396
smoothed_log_bw4,0.005,15,0.13836605470352215
smoothed_log_bw6,0.005,15,0.028325857625005044
fd_grid_ratio_bw4,0.005,15,0.5497466681126784
tikhonov_optimal,0.005,15,0.01698360155204307
smoothed_log_bw4,0.005,16,0.16327654675021722
smoothed_log_bw6,0.005,16,0.02788170744164699
fd_grid_ratio_bw4,0.005,16,0.4564418679764996
tikhonov_optimal,0.005,16,0.012812897363492
smoothed_log_bw4,0.005,17,0.10196487621108853
smoothed_log_bw6,0.005,17,0.026602880484004117
fd_grid_ratio_bw4,0.005,17,0.5035992460113038
tikhonov_optimal,0.005,17,0.016818772368263693
smoothed_log_bw4,0.005,18,0.14904818909493464
smoothed_log_bw6,0.005,18,0.02806162242698832
fd_grid_ratio_bw4,0.005,18,0.5708557630367799
tikhonov_optimal,0.005,18,0.017089026452933333
smoothed_log_bw4,0.005,19,0.08933429332245528
smoothed_log_bw6,0.005,19,0.025592384149845358
fd_grid_ratio_bw4,0.005,19,0.462000996968262
tikhonov_optimal,0.005,19,0.013011227235061434
smoothed_log_bw4,0.005,20,0.09830703957097829
smoothed_log_bw6,0.005,20,0.027909258260280664
fd_grid_ratio_bw4,0.005,20,0.6493395012807239
tikhonov_optimal,0.005,20,0.018837778286318295
smoothed_log_bw4,0.005,21,0.10956176100140334
smoothed_log_bw6,0.005,21,0.026026475717013605
fd_grid_ratio_bw4,0.005,21,0.4577353287163444
tikhonov_optimal,0.005,21,0.014836577539593767
smoothed_log_bw4,0.005,22,0.14116498377570458
smoothed_log_bw6,0.005,22,0.027913506202094297
fd_grid_ratio_bw4,0.005,22,0.5134887535556122
tikhonov_optimal,0.005,22,0.016854456519793507
smoothed_log_bw4,0.005,23,0.14768312420055282
smoothed_log_bw6,0.005,23,0.027261675766422706
fd_grid_ratio_bw4,0.005,23,0.5199784935619094
tikhonov_optimal,0.005,23,0.017094779999818694
smoothed_log_bw4,0.005,24,0.09994240730032034
smoothed_log_bw6,0.005,24,0.026537887473023995
fd_grid_ratio_bw4,0.005,24,0.4333580131767059
tikhonov_optimal,0.005,24,0.018241417827284168
smoothed_log_bw4,0.01,0,0.3189511036336497
smoothed_log_bw6,0.01,0,0.033179310931175966
fd_grid_ratio_bw4,0.01,0,0.5071322396986396
tikhonov_optimal,0.01,0,0.018560049850249394
smoothed_log_bw4,0.01,1,0.11404043460397288
smoothed_log_bw6,0.01,1,0.026777121919896462
fd_grid_ratio_bw4,0.01,1,0.5000381902251654
tikhonov_optimal,0.01,1,0.017431077302579714
smoothed_log_bw4,0.01,2,0.15798020447998748
smoothed_log_bw6,0.01,2,0.029655741240674504
fd_grid_ratio_bw4,0.01,2,0.5051696316415079
tikhonov_optimal,0.01,2,0.019874534089996787
smoothed_log_bw4,0.01,3,0.2103151905304809
smoothed_log_bw6,0.01,3,0.030113451257963168
fd_grid_ratio_bw4,0.01,3,0.5254893830046589
tikhonov_optimal,0.01,3,0.022186147596845444
smoothed_log_bw4,0.01,4,0.25939142746652427
smoothed_log_bw6,0.01,4,0.03171386774934969
fd_grid_ratio_bw4,0.01,4,0.6841825014128913
tikhonov_optimal,0.01,4,0.02183417015202105
smoothed_log_bw4,0.01,5,0.23387072897500494
smoothed_log_bw6,0.01,5,0.033325922664384444
fd_grid_ratio_bw4,0.01,5,0.6798233105799333
tikhonov_optimal,0.01,5,0.02477528913282501
smoothed_log_bw4,0.01,6,0.2373449054514511
smoothed_log_bw6,0.01,6,0.031121138872161575
fd_grid_ratio_bw4,0.01,6,0.48698045599270584
tikhonov_optimal,0.01,6,0.019879852475173727
smoothed_log_bw4,0.01,7,0.21177370844935325
smoothed_log_bw6,0.01,7,0.032234757971807075
fd_grid_ratio_bw4,0.01,7,0.6638889522780149
tikhonov_optimal,0.01,7,0.02215147106530213
smoothed_log_bw4,0.01,8,0.28114244611998995
smoothed_log_bw6,0.01,8,0.03291227542783423
fd_grid_ratio_bw4,0.01,8,0.4991191287048841
tikhonov_optimal,0.01,8,0.020707989487453657
smoothed_log_bw4,0.01,9,0.21837354762523054
smoothed_log_bw6,0.01,9,0.032738511148235776
fd_grid_ratio_bw4,0.01,9,0.558633782449036
tikhonov_optimal,0.01,9,0.022736149829507838
smoothed_log_bw4,0.01,10,0.2047653078103553
smoothed_log_bw6,0.01,10,0.037151649104569064
fd_grid_ratio_bw4,0.01,10,0.5419977373119903
tikhonov_optimal,0.01,10,0.025848036767357307
smoothed_log_bw4,0.01,11,0.19866530016238756
smoothed_log_bw6,0.01,11,0.03215231126074879
fd_grid_ratio_bw4,0.01,11,0.5815347101156554
tikhonov_optimal,0.01,11,0.01804480952340727
smoothed_log_bw4,0.01,12,0.22262458237708194
smoothed_log_bw6,0.01,12,0.03157642087504068
fd_grid_ratio_bw4,0.01,12,0.5257540834114989
tikhonov_optimal,0.01,12,0.019582537926511726
smoothed_log_bw4,0.01,13,0.28397377957253594
smoothed_log_bw6,0.01,13,0.033943591880161036
fd_grid_ratio_bw4,0.01,13,0.5066200344114744
tikhonov_optimal,0.01,13,0.017248495332772246
smoothed_log_bw4,0.01,14,0.18828860434519756
smoothed_log_bw6,0.01,14,0.031238822451787888
fd_grid_ratio_bw4,0.01,14,0.7251971433512002
tikhonov_optimal,0.01,14,0.02037763814190305
smoothed_log_bw4,0.01,15,0.21858423963838097
smoothed_log_bw6,0.01,15,0.03321595968196883
fd_grid_ratio_bw4,0.01,15,0.5565994209666357
tikhonov_optimal,0.01,15,0.02021762676733657
smoothed_log_bw4,0.01,16,0.2924855632876855
smoothed_log_bw6,0.01,16,0.03345432564668526
fd_grid_ratio_bw4,0.01,16,0.4680233119585926
tikhonov_optimal,0.01,16,0.01749563392502161
smoothed_log_bw4,0.01,17,0.1898040689290783
smoothed_log_bw6,0.01,17,0.03123130230561497
fd_grid_ratio_bw4,0.01,17,0.5108218922293508
tikhonov_optimal,0.01,17,0.022783281978141005
smoothed_log_bw4,0.01,18,0.269265195521718
smoothed_log_bw6,0.01,18,0.03472642618739587
fd_grid_ratio_bw4,0.01,18,0.6123502353982674
tikhonov_optimal,0.01,18,0.022622757576818444
smoothed_log_bw4,0.01,19,0.1652371133470677
smoothed_log_bw6,0.01,19,0.026906368319064303
fd_grid_ratio_bw4,0.01,19,0.5000223373471521
tikhonov_optimal,0.01,19,0.017759230642358848
smoothed_log_bw4,0.01,20,0.18226894357937745
smoothed_log_bw6,0.01,20,0.03233082646225426
fd_grid_ratio_bw4,0.01,20,0.6562675598604736
tikhonov_optimal,0.01,20,0.02416183503536971
smoothed_log_bw4,0.01,21,0.19996549486092186
smoothed_log_bw6,0.01,21,0.02892595352612244
fd_grid_ratio_bw4,0.01,21,0.47436944004547577
tikhonov_optimal,0.01,21,0.01901242845211925
smoothed_log_bw4,0.01,22,0.2619587960880376
smoothed_log_bw6,0.01,22,0.034465562187553804
fd_grid_ratio_bw4,0.01,22,0.5357010881062754
tikhonov_optimal,0.01,22,0.022310158635770728
smoothed_log_bw4,0.01,23,0.24634047349972174
smoothed_log_bw6,0.01,23,0.03171969134059455
fd_grid_ratio_bw4,0.01,23,0.5661785450712183
tikhonov_optimal,0.01,23,0.02033325387397858
smoothed_log_bw4,0.01,24,0.1846587271373625
smoothed_log_bw6,0.01,24,0.030376058663051018
fd_grid_ratio_bw4,0.01,24,0.4382376905887525
tikhonov_optimal,0.01,24,0.024658764787843155
